DISTRICT,YEAR,SECTOR,SAFETY,S_RACE_AFRICAN_AMERICAN,S_RACE_ASIAN_AMERICAN,S_RACE_HISPANIC,S_RACE_WHITE,S_RACE_OTHER,S_AGE_LOW,S_AGE_MEDIUM,S_AGE_HIGH,S_SEX_FEMALE,S_SEX_MALE,S_EDUCATION_LOW,S_EDUCATION_MEDIUM,S_EDUCATION_HIGH,S_INCOME_LOW,S_INCOME_MEDIUM,S_INCOME_HIGH,TRUST,T_RACE_AFRICAN_AMERICAN,T_RACE_ASIAN_AMERICAN,T_RACE_HISPANIC,T_RACE_WHITE,T_RACE_OTHER,T_AGE_LOW,T_AGE_MEDIUM,T_AGE_HIGH,T_SEX_FEMALE,T_SEX_MALE,T_EDUCATION_LOW,T_EDUCATION_MEDIUM,T_EDUCATION_HIGH,T_INCOME_LOW,T_INCOME_MEDIUM,T_INCOME_HIGH,T_LISTEN,T_LISTEN_RACE_AFRICAN_AMERICAN,T_LISTEN_RACE_ASIAN_AMERICAN,T_LISTEN_RACE_HISPANIC,T_LISTEN_RACE_WHITE,T_LISTEN_RACE_OTHER,T_LISTEN_AGE_LOW,T_LISTEN_AGE_MEDIUM,T_LISTEN_AGE_HIGH,T_LISTEN_SEX_FEMALE,T_LISTEN_SEX_MALE,T_LISTEN_EDUCATION_LOW,T_LISTEN_EDUCATION_MEDIUM,T_LISTEN_EDUCATION_HIGH,T_LISTEN_INCOME_LOW,T_LISTEN_INCOME_MEDIUM,T_LISTEN_INCOME_HIGH,T_RESPECT,T_RESPECT_RACE_AFRICAN_AMERICAN,T_RESPECT_RACE_ASIAN_AMERICAN,T_RESPECT_RACE_HISPANIC,T_RESPECT_RACE_WHITE,T_RESPECT_RACE_OTHER,T_RESPECT_AGE_LOW,T_RESPECT_AGE_MEDIUM,T_RESPECT_AGE_HIGH,T_RESPECT_SEX_FEMALE,T_RESPECT_SEX_MALE,T_RESPECT_EDUCATION_LOW,T_RESPECT_EDUCATION_MEDIUM,T_RESPECT_EDUCATION_HIGH,T_RESPECT_INCOME_LOW,T_RESPECT_INCOME_MEDIUM,T_RESPECT_INCOME_HIGH
1.0,2018,120.0,69.19958333333334,65.23229166666667,59.49791666666667,63.166666666666664,72.405,68.59916666666668,69.11749999999999,69.79833333333333,69.91708333333334,68.4525,71.37291666666667,66.86675,68.967,70.5365,60.73975,70.2115,71.01599999999999,67.39375,59.79208333333333,68.52625,65.859375,69.36208333333333,59.86479166666667,66.25229166666666,67.99770833333334,66.85166666666667,67.31958333333334,67.675,62.638999999999996,70.14275,67.07825,63.469500000000004,67.7955,70.454,,,,,,,,,,,,,,,,,,,,,,,,,,,,,,,,,,
1.0,2019,120.0,67.42958333333333,64.365,66.76375,66.16708333333334,68.504375,60.116875,68.71666666666667,64.625625,68.55958333333334,69.58125,64.51458333333333,61.720416666666665,67.76041666666667,68.299375,62.74895833333333,67.31083333333333,69.04583333333333,72.3575,61.949375,72.13395833333333,66.62041666666667,76.40854166666666,57.94291666666666,67.31583333333333,75.90145833333334,74.80583333333333,73.885625,71.913125,67.59541666666667,72.15875,74.15895833333333,64.7,73.27520833333334,75.030625,,,,,,,,,,,,,,,,,,,,,,,,,,,,,,,,,,
1.0,2020,120.0,56.73354166666667,50.54791666666667,54.986250000000005,56.7175,59.590624999999996,52.68270833333333,58.294999999999995,51.79770833333333,58.56333333333333,56.48520833333333,55.852291666666666,46.606875,57.28604166666667,58.909375000000004,57.98166666666666,56.98583333333334,58.029583333333335,72.03916666666667,77.15041666666666,73.64729166666667,68.52770833333334,73.08624999999999,58.628125000000004,65.95875,72.75604166666666,75.67854166666667,73.82979166666667,70.85625,70.65083333333334,71.76520833333333,74.16333333333334,65.61999999999999,73.76291666666667,71.80041666666666,70.79928571428572,75.77821428571428,69.64285714285714,70.81678571428571,71.09857142857143,67.80142857142857,64.175,71.59035714285714,73.61928571428572,71.91499999999999,71.10214285714287,75.39607142857143,70.53678571428571,71.80607142857143,63.89821428571429,74.40964285714287,69.53464285714286,75.12071428571429,78.0425,75.87642857142858,74.36071428571428,76.21857142857142,73.07571428571428,65.43821428571428,76.78857142857143,78.69892857142858,76.69142857142857,75.22571428571429,79.53999999999999,76.84928571428573,73.93785714285715,69.62571428571428,78.91892857142857,73.87857142857142
1.0,2021,120.0,52.98041666666666,51.361250000000005,47.5325,53.496874999999996,53.68333333333334,47.97958333333333,55.87854166666667,46.540416666666665,54.096666666666664,54.365833333333335,50.40166666666667,44.33479166666667,51.928958333333334,58.1225,57.618750000000006,52.684374999999996,52.63604166666667,67.77729166666667,68.92958333333333,67.45270833333333,72.78770833333333,67.33166666666666,63.849375,61.03916666666667,69.06145833333333,72.78354166666666,68.595625,69.43791666666667,69.81854166666666,67.413125,70.42812500000001,61.36270833333333,68.239375,69.31854166666666,64.83166666666666,66.24833333333333,65.78125,69.836875,64.27833333333334,61.99666666666667,58.19958333333333,65.310625,70.131875,65.73145833333334,66.62895833333333,68.11208333333333,63.93375,67.42333333333333,59.486041666666665,64.99249999999999,66.2925,70.72229166666666,71.61041666666667,69.12270833333334,75.73791666666666,70.385,65.7025,63.878125000000004,72.81375,75.43520833333334,71.4575,72.24708333333334,71.525625,70.89125,73.43333333333334,63.240625,71.485625,72.344375
1.0,2022,120.0,58.06708333333333,58.587291666666665,62.42729166666667,48.35729166666667,60.09520833333334,59.79020833333333,58.975833333333334,55.41291666666667,53.70875,57.890625,56.555,51.176874999999995,57.06833333333333,62.073125,51.96041666666667,60.340624999999996,59.7225,61.11541666666667,55.24645833333333,61.495,55.678125,63.87354166666666,52.55125,55.73520833333333,61.263749999999995,69.34916666666668,58.2875,61.78229166666667,51.63104166666667,59.040416666666665,69.40104166666667,52.72270833333334,60.10916666666666,66.50916666666667,59.80416666666667,53.786249999999995,58.89895833333333,55.858125,62.483125,49.80875,55.418749999999996,58.89041666666666,67.40020833333334,56.19020833333334,61.80895833333333,51.057291666666664,57.868125,67.85166666666667,52.572916666666664,59.16229166666667,64.35395833333332,62.427708333333335,56.70666666666667,64.09041666666667,55.49854166666666,65.26208333333334,55.29208333333333,56.05125,63.637708333333336,71.298125,60.38520833333333,61.75625,52.20416666666667,60.21145833333333,70.950625,52.8725,61.05625,68.665
1.0,2023,120.0,68.66083333333334,67.58166666666666,62.425625,67.060625,69.93458333333334,69.06291666666667,68.40145833333334,72.42520833333333,61.948125000000005,64.31625,72.67041666666667,67.96104166666667,66.15104166666667,73.93291666666667,59.310624999999995,67.02270833333334,74.828125,68.75041666666667,63.081250000000004,70.62666666666667,63.529583333333335,70.78083333333333,55.221875000000004,66.99354166666667,70.63291666666667,68.7025,64.26062499999999,71.38250000000001,66.23583333333333,66.825625,72.51479166666667,57.47625,66.78020833333333,75.77291666666666,66.86,61.062083333333334,68.27270833333334,62.46666666666667,69.020625,52.85333333333333,65.41958333333334,68.94500000000001,65.236875,61.950625,70.06166666666667,64.41291666666667,65.151875,70.126875,55.669375,65.03125,73.904375,70.63979166666667,65.10083333333334,72.97875,64.59125,72.54166666666667,57.59041666666667,68.56604166666666,72.32000000000001,72.16791666666667,66.57041666666667,72.70416666666667,68.05749999999999,68.49770833333334,74.903125,59.28229166666667,68.52958333333333,77.64083333333333
2.0,2018,220.0,59.85208333333333,58.57583333333333,56.887708333333336,59.70770833333333,65.54770833333333,59.22020833333334,55.611041666666665,61.87979166666667,61.935624999999995,60.72020833333334,60.087291666666665,58.481500000000004,60.73475,60.158,56.814750000000004,60.2435,64.0085,54.99645833333333,53.92958333333333,56.51541666666666,57.18729166666666,57.93479166666666,51.33229166666666,50.673750000000005,56.19770833333334,58.91645833333333,56.21958333333333,54.838125,55.98175,53.75475,57.41875,54.100750000000005,54.605,59.71975,,,,,,,,,,,,,,,,,,,,,,,,,,,,,,,,,,
2.0,2019,220.0,58.525416666666665,58.18604166666666,58.09312499999999,59.066875,62.28895833333333,54.10874999999999,61.888125,55.486875,59.84520833333334,58.182916666666664,58.490833333333335,51.291875000000005,57.96479166666666,62.850625,57.09041666666667,59.38729166666667,63.361041666666665,54.790625,54.149791666666665,60.606458333333336,56.445,62.298750000000005,47.36625,50.229375000000005,52.695,58.20979166666667,55.18645833333333,55.43687499999999,50.30895833333333,55.974375,56.69208333333333,52.84916666666667,56.02791666666667,59.15229166666666,,,,,,,,,,,,,,,,,,,,,,,,,,,,,,,,,,
2.0,2020,220.0,60.064375000000005,60.933125,52.314375000000005,52.24625,62.92104166666667,51.75791666666667,60.6525,48.79,62.93895833333334,59.440416666666664,61.73791666666667,56.16229166666667,59.636875,62.974375,62.701458333333335,58.30791666666667,62.026875,59.643750000000004,58.546458333333334,65.15020833333334,62.79083333333333,66.12625,56.56708333333333,52.390625,58.18416666666667,63.97083333333333,60.157916666666665,59.860625,66.33666666666666,55.12270833333333,67.22520833333333,58.565416666666664,52.88958333333333,72.568125,55.12535714285714,53.48892857142857,58.66571428571428,61.50107142857143,62.239285714285714,59.21035714285715,46.28928571428571,53.28142857142857,60.53285714285715,57.66428571428571,54.23357142857143,60.832499999999996,50.8725,65.29571428571428,51.14071428571429,49.47714285714286,70.37357142857142,60.026785714285715,58.7525,63.9775,68.52714285714286,65.92928571428571,61.691428571428574,51.403571428571425,57.57035714285714,65.91464285714285,62.347500000000004,59.08642857142858,67.365,56.020357142857144,66.58178571428572,56.87464285714286,54.48107142857143,72.51464285714286
2.0,2021,220.0,51.19770833333334,51.89166666666667,50.748124999999995,50.165,49.24208333333333,52.62166666666667,59.029374999999995,42.69229166666667,55.18687499999999,49.86708333333333,53.894375,44.99166666666667,51.588541666666664,52.95541666666667,48.76104166666667,46.85041666666667,59.878750000000004,54.281666666666666,53.94229166666667,54.73520833333333,61.72291666666666,54.009791666666665,63.685833333333335,52.16020833333334,48.858958333333334,62.15979166666667,54.00083333333333,57.96104166666667,51.342083333333335,54.73583333333334,57.87708333333333,48.40020833333333,54.09291666666667,63.56166666666667,51.28625,51.26291666666666,52.92124999999999,57.73854166666666,51.640625,60.814166666666665,48.623333333333335,44.850625,60.245416666666664,50.709375,55.81354166666667,47.14833333333333,51.710208333333334,55.54604166666667,45.009166666666665,51.21104166666667,61.53541666666666,57.27666666666667,56.62083333333334,56.551874999999995,65.70666666666666,56.37875,66.55854166666667,55.69854166666667,52.86604166666667,64.07270833333332,57.29229166666667,60.11000000000001,55.535625,57.76145833333334,60.208124999999995,51.791666666666664,56.97354166666667,65.58729166666667
2.0,2022,220.0,57.12104166666666,55.885625000000005,54.474583333333335,54.46770833333333,62.06729166666667,61.348749999999995,57.053125,53.51083333333333,58.47291666666666,55.614374999999995,58.887499999999996,52.32583333333333,58.83625,65.02979166666667,53.432291666666664,56.84625,64.45208333333333,56.15,53.67291666666667,53.95583333333334,58.92395833333333,57.87083333333334,53.93354166666666,53.12041666666667,56.94645833333333,59.93666666666667,54.18145833333333,56.911458333333336,51.719166666666666,55.57895833333333,68.88979166666667,52.564166666666665,53.55229166666667,69.47625000000001,55.52770833333333,53.45041666666666,52.141875,58.23916666666667,56.140208333333334,51.880833333333335,53.21083333333333,56.216874999999995,58.5425,53.21333333333333,56.67645833333333,50.97145833333334,55.04958333333334,68.14166666666667,51.70333333333334,52.324375,71.32020833333333,56.774375,53.89333333333334,55.771458333333335,59.609375,59.60041666666667,55.98541666666667,53.03104166666666,57.67583333333334,61.330000000000005,55.150625,57.148125,52.46666666666667,56.107499999999995,69.63708333333334,53.42541666666667,54.78062499999999,67.63229166666666
2.0,2023,220.0,59.3975,57.46395833333333,64.47895833333332,59.12583333333333,66.78020833333333,59.99229166666667,58.100208333333335,60.31666666666666,57.2925,57.34729166666667,62.16083333333333,57.594166666666666,58.16354166666667,66.30395833333334,55.64541666666667,59.208958333333335,68.3125,57.43604166666666,55.41291666666667,60.20416666666667,59.494375,64.04541666666667,56.035,55.32958333333334,59.35166666666667,58.31020833333333,56.3025,58.831250000000004,55.433125,57.3675,62.24520833333333,55.17666666666667,55.59604166666667,67.214375,56.098958333333336,54.251666666666665,58.643750000000004,57.98416666666666,62.23708333333334,54.00145833333334,54.55916666666667,58.33833333333334,56.48208333333333,54.83375,57.805625,54.80458333333333,55.83229166666666,60.81604166666667,53.46604166666666,54.114583333333336,66.78375,58.77375,56.572916666666664,61.763958333333335,61.005625,65.85479166666667,58.07020833333333,56.09979166666667,60.364583333333336,60.13729166666667,57.77041666666667,59.85666666666666,56.062083333333334,58.90291666666667,63.67416666666667,56.88604166666667,57.07833333333334,67.64520833333334
3.0,2018,320.0,56.817499999999995,55.26895833333333,56.55270833333333,57.16833333333333,64.82583333333334,63.744791666666664,53.545208333333335,56.25354166666667,60.37916666666666,54.11708333333333,62.60583333333333,55.30125,55.78275,62.664750000000005,54.17274999999999,59.399,58.887,50.44166666666666,48.59604166666667,53.26833333333334,54.62437499999999,61.686041666666675,54.309583333333336,47.548541666666665,49.745625,53.498124999999995,50.54354166666667,51.56333333333333,52.689,48.26025,50.417,48.581,50.7805,59.5105,,,,,,,,,,,,,,,,,,,,,,,,,,,,,,,,,,
3.0,2019,320.0,50.25666666666667,48.409166666666664,58.68354166666666,54.25208333333333,58.880625,56.439166666666665,56.79624999999999,48.068125,51.92250000000001,50.043125,51.056041666666665,47.51791666666667,50.00395833333334,53.4625,48.39854166666667,49.98354166666667,56.569375,49.092083333333335,47.4375,63.876666666666665,58.82479166666667,60.12562500000001,45.685,45.70395833333333,45.14458333333334,53.00729166666667,48.370625,50.93895833333334,51.27020833333333,48.060624999999995,52.740833333333335,49.486250000000005,46.40979166666667,63.43020833333333,,,,,,,,,,,,,,,,,,,,,,,,,,,,,,,,,,
3.0,2020,320.0,50.941875,48.88270833333333,50.815625000000004,56.013958333333335,62.09729166666667,46.952708333333334,58.65479166666666,45.488125,50.84312499999999,51.79750000000001,51.66958333333333,52.99229166666667,47.891875,56.805625,50.84916666666667,48.952708333333334,56.16833333333333,48.84166666666667,46.255625,65.61520833333334,64.21979166666667,65.57354166666667,54.386041666666664,56.36270833333333,44.58916666666667,49.428333333333335,47.81604166666667,48.084375,53.384375,46.51083333333333,50.98895833333333,48.67104166666667,45.470416666666665,61.93,44.68535714285714,43.26678571428572,60.271428571428565,59.729285714285716,63.300714285714285,57.27499999999999,49.36785714285714,36.95142857142857,45.638214285714284,43.33857142857143,43.01285714285715,51.221428571428575,42.79678571428571,46.706785714285715,46.44892857142857,40.025,56.98607142857143,48.42714285714286,45.87392857142857,64.49571428571429,66.43821428571428,67.93107142857143,61.51607142857143,58.39357142857143,41.94642857142857,49.597500000000004,48.5875,47.12,49.07571428571429,46.84214285714285,55.112857142857145,47.24071428571428,45.12535714285714,64.975
3.0,2021,320.0,47.50625,47.59,47.49875,44.924791666666664,52.20375000000001,57.166666666666664,43.790625,48.088125,50.03333333333333,48.43270833333333,49.30708333333333,42.157291666666666,48.65416666666667,54.817708333333336,45.47270833333334,48.9,52.30375,48.641875,47.005833333333335,60.490208333333335,55.41166666666667,60.98666666666667,59.52666666666667,49.15645833333334,45.575625,56.19125,47.95729166666666,49.861875,45.35041666666667,51.40354166666666,50.93812500000001,45.46395833333333,47.45395833333333,59.706041666666664,46.449375,44.51416666666666,59.548750000000005,53.915416666666665,59.73020833333334,56.13520833333334,46.60395833333333,43.81645833333334,54.09458333333333,45.86708333333333,47.86541666666667,43.01541666666666,49.35125,48.76791666666667,43.10583333333333,45.773125,55.75333333333333,50.83479166666667,49.499583333333334,61.432291666666664,56.90875,62.241875,62.918125,51.71083333333333,47.33479166666667,58.28791666666667,50.04895833333333,51.858958333333334,47.68687499999999,53.45520833333333,53.108125,47.821666666666665,49.13625,63.65895833333334
3.0,2022,320.0,50.35270833333333,50.00125,64.10416666666667,47.182291666666664,56.00833333333333,53.525625,52.545625,46.29770833333333,50.899166666666666,50.61270833333333,49.26458333333333,49.627916666666664,51.31916666666667,53.37229166666666,49.01208333333333,51.72416666666666,54.86333333333334,50.76083333333333,50.37562500000001,61.442499999999995,51.789375,54.61166666666667,45.331041666666664,50.889375,48.059374999999996,54.75604166666667,50.836875,49.21270833333333,50.05125,50.09,59.95729166666666,50.173125,48.99604166666666,61.00895833333333,49.91,49.88583333333333,60.18333333333334,51.237291666666664,53.155833333333334,43.26645833333333,49.93208333333333,46.2825,53.651250000000005,50.41354166666667,47.96625,49.01458333333333,49.447291666666665,59.05895833333333,49.671875,47.80104166666666,59.63270833333333,51.611041666666665,50.86375,62.70083333333333,52.340833333333336,56.06666666666666,47.39666666666667,51.84916666666667,49.838125,55.861875,51.25958333333333,50.45979166666667,51.08770833333333,50.732708333333335,60.85520833333334,50.675000000000004,50.190625000000004,62.385625000000005
3.0,2023,320.0,52.805625,51.63333333333333,64.10416666666667,51.77541666666667,64.88,58.122083333333336,54.07729166666667,48.0975,57.17416666666667,53.356875,51.257083333333334,49.897708333333334,54.37437499999999,60.828125,49.985625,54.31125,65.088125,50.63708333333333,48.425625,60.22270833333334,58.51583333333334,60.40270833333333,54.983958333333334,50.854166666666664,48.623333333333335,55.577708333333334,52.385,47.606458333333336,48.1875,51.166041666666665,60.576458333333335,49.755208333333336,49.71541666666667,63.34770833333334,51.051874999999995,48.85791666666666,61.47291666666666,60.177708333333335,59.81125,53.86354166666666,52.02375,48.855,55.30166666666667,52.46395833333333,48.653124999999996,48.812916666666666,51.773125,58.64125000000001,50.890625,49.69625,61.604166666666664,50.2225,47.99520833333333,58.97208333333333,56.854166666666664,60.994791666666664,56.10520833333334,49.68395833333333,48.39208333333334,55.85458333333333,52.30520833333333,46.56125,47.56479166666667,50.55895833333333,62.513749999999995,48.619375,49.73520833333333,65.09208333333333
4.0,2018,420.0,56.203125,56.039375,59.88958333333333,55.026875,61.090624999999996,53.286249999999995,52.99854166666666,55.33083333333334,58.532916666666665,53.92583333333334,58.788333333333334,54.398,56.91825,56.9775,56.240750000000006,55.91725,61.634,52.923541666666665,48.73541666666667,60.46958333333333,58.125,59.58375,51.84479166666667,48.734791666666666,53.721875000000004,54.98583333333334,49.980625,55.25125,55.35125000000001,52.062,45.60625,50.717,52.37949999999999,55.8995,,,,,,,,,,,,,,,,,,,,,,,,,,,,,,,,,,
4.0,2019,420.0,52.26354166666667,53.644375,60.979166666666664,51.72895833333333,57.20729166666666,49.90020833333333,44.52729166666666,53.58583333333333,53.90270833333333,52.583333333333336,52.309583333333336,50.400416666666665,52.18625,58.621874999999996,49.291666666666664,54.25833333333333,60.26,53.34125,52.888749999999995,67.76666666666667,53.45041666666666,62.888749999999995,45.7425,43.062083333333334,51.90562499999999,57.20104166666667,54.274375,53.66854166666667,55.17124999999999,52.65,58.546875,50.24729166666666,54.699999999999996,63.54604166666667,,,,,,,,,,,,,,,,,,,,,,,,,,,,,,,,,,
4.0,2020,420.0,52.552083333333336,52.883541666666666,53.466874999999995,47.833958333333335,58.048541666666665,48.82458333333333,52.052083333333336,54.455625,53.579791666666665,53.92250000000001,52.66375,46.166041666666665,53.414375,57.392291666666665,52.32125,52.67208333333334,59.348333333333336,57.40166666666667,50.07145833333333,70.79020833333333,62.46541666666667,71.16625,54.73583333333334,54.18625,55.09791666666666,62.490208333333335,57.94416666666667,59.30479166666667,56.27166666666667,58.65875,64.153125,57.343958333333326,55.37583333333333,70.385625,53.33678571428572,47.114285714285714,68.39821428571429,57.854642857142856,66.59464285714286,63.16571428571428,48.099642857142854,48.33642857142858,59.57285714285714,53.18142857142857,57.64821428571429,51.723571428571425,55.7325,63.50678571428572,50.3575,52.29071428571429,72.85249999999999,56.77357142857143,49.463928571428575,71.22142857142858,63.02964285714285,69.35214285714287,66.47857142857143,53.05428571428571,51.076071428571424,63.23642857142857,57.05357142857143,59.55357142857143,56.10107142857142,57.9475,67.80678571428571,54.3375,55.70607142857143,74.77571428571427
4.0,2021,420.0,50.13270833333333,49.024166666666666,55.249583333333334,50.91979166666667,58.53020833333333,48.29833333333334,50.05645833333333,48.048541666666665,50.13854166666667,51.91229166666667,49.18020833333333,50.173750000000005,50.54145833333333,49.03729166666667,48.53729166666667,53.61479166666666,45.725208333333335,54.81,48.595416666666665,64.80499999999999,59.46854166666666,70.13041666666666,64.65270833333334,54.953125,53.4375,58.630208333333336,54.27354166666667,55.93020833333333,51.03125,57.07125,53.04083333333333,49.58770833333333,56.965624999999996,62.93479166666666,52.24395833333333,46.39270833333333,64.003125,56.283125000000005,67.56333333333333,63.35125,52.713125,49.50770833333333,56.565,52.34479166666667,52.49229166666667,49.5625,53.668749999999996,52.23854166666666,47.93520833333333,54.702916666666674,58.38791666666666,57.37625,50.796458333333334,65.60770833333333,62.65375,72.69979166666667,65.95375,57.19208333333333,57.36833333333333,60.696041666666666,56.20249999999999,59.369166666666665,52.50020833333334,60.474375,53.84291666666667,51.238125,59.229166666666664,67.48291666666667
4.0,2022,420.0,54.04895833333333,53.259791666666665,64.10208333333334,53.22833333333333,60.849583333333335,52.53729166666667,54.39729166666667,51.86145833333333,55.01583333333334,53.6025,53.74875,52.356875,54.51145833333334,59.39416666666667,51.115833333333335,55.704791666666665,61.644375,52.649375,51.286458333333336,55.600625,52.57208333333333,58.29416666666666,57.03,50.858125,46.855625,62.38104166666667,52.951249999999995,51.089375,50.978541666666665,52.47333333333333,53.94416666666667,49.96125,53.67854166666667,59.50895833333333,51.562708333333326,50.043958333333336,52.213750000000005,51.989583333333336,57.004999999999995,56.77791666666667,50.022083333333335,46.37145833333333,60.629999999999995,51.92958333333333,49.71812499999999,49.79604166666667,51.525625,52.956875,48.419375,52.411249999999995,62.914791666666666,53.73645833333333,52.52854166666666,58.988125,53.154583333333335,59.58229166666666,57.28208333333333,51.69354166666667,47.33958333333334,64.13229166666666,53.9725,52.46125,52.159375000000004,53.420208333333335,54.93333333333334,51.504375,54.94541666666667,56.104166666666664
4.0,2023,420.0,54.32666666666666,54.341874999999995,53.286875,54.42104166666667,59.01145833333334,68.24145833333334,55.26708333333334,54.07749999999999,52.924791666666664,55.32708333333333,54.041875,50.43479166666666,56.211875,66.26958333333333,50.83979166666666,56.823125,62.340833333333336,54.44875,52.19895833333334,60.756458333333335,58.696875,64.99875,57.611875,55.206875,52.57749999999999,53.271458333333335,54.49791666666667,55.13854166666667,53.50479166666667,54.69375,60.24583333333334,51.107708333333335,56.68541666666667,59.117916666666666,53.93354166666666,51.935833333333335,61.47625,56.95916666666667,63.64333333333334,58.20416666666667,54.450208333333336,52.351875,52.999583333333334,54.57541666666666,53.53604166666667,52.94479166666667,54.10395833333333,59.978541666666665,50.515625,55.95104166666667,60.06625,54.963750000000005,52.461666666666666,60.03604166666667,60.431666666666665,66.35312499999999,57.01916666666667,55.96416666666667,52.803125,53.54208333333333,54.421458333333334,56.739583333333336,54.06604166666667,55.28187500000001,60.513125,51.69979166666667,57.419999999999995,58.16833333333333
5.0,2018,520.0,56.36770833333333,55.678333333333335,59.80791666666667,56.322916666666664,64.264375,56.173541666666665,60.388749999999995,52.51791666666667,58.78270833333334,54.663333333333334,59.973749999999995,51.1625,57.34974999999999,62.17375,50.69975,59.65475,59.178250000000006,52.168125,50.631458333333335,61.225625,54.26333333333333,66.33458333333333,47.880625,46.260625,51.413125,59.36625,53.35125,51.18125,50.503,53.23475,58.291250000000005,44.68975,55.225,59.99275,,,,,,,,,,,,,,,,,,,,,,,,,,,,,,,,,,
5.0,2019,520.0,51.07541666666666,50.09229166666666,59.71395833333333,51.20416666666667,66.34375,51.12958333333333,48.115833333333335,49.458124999999995,53.55083333333334,49.92083333333333,55.134166666666665,48.91083333333333,51.51125,58.524791666666665,45.320625,54.460625,59.64625,49.9625,48.42458333333334,67.89145833333333,49.812083333333334,72.660625,49.38958333333333,45.638958333333335,43.72291666666666,56.39166666666667,50.46541666666667,51.72208333333333,47.548541666666665,50.987500000000004,59.418749999999996,44.85125,51.636875,67.46291666666667,,,,,,,,,,,,,,,,,,,,,,,,,,,,,,,,,,
5.0,2020,520.0,53.14625,53.94875,55.321666666666665,52.069375,59.38333333333333,56.53,47.233125,51.8675,56.130625,52.54479166666667,56.41354166666667,48.025,54.883125,59.96541666666667,51.90416666666667,53.4575,62.80458333333333,56.414375,53.268750000000004,70.71583333333334,66.89833333333333,79.04479166666667,56.604166666666664,50.748333333333335,52.15562499999999,62.20729166666666,56.11625,58.54479166666667,60.017291666666665,55.842083333333335,63.709583333333335,51.72958333333333,60.53958333333333,64.451875,52.333214285714284,48.26142857142857,68.99285714285715,67.40607142857142,76.11178571428572,65.36285714285715,45.558928571428574,48.93642857142857,59.57678571428572,48.826071428571424,59.82,59.19785714285714,49.62785714285714,63.1625,44.80464285714286,57.147499999999994,59.89714285714285,55.988214285714285,51.22678571428571,71.35714285714286,71.55178571428571,80.72607142857143,66.93142857142857,48.91892857142857,54.79392857142857,62.667142857142856,52.23321428571428,64.03035714285714,63.53857142857142,52.48857142857143,67.80464285714285,48.652499999999996,61.090357142857144,62.10321428571428
5.0,2021,520.0,45.274791666666665,43.301874999999995,55.40770833333334,46.76,56.02291666666667,50.18395833333333,41.922916666666666,46.175625,48.69166666666666,47.72333333333333,45.98541666666667,41.87729166666667,47.390625,47.555416666666666,42.10875,47.66729166666667,52.739583333333336,51.66979166666667,45.59729166666667,65.68625,57.07145833333333,72.59416666666667,63.140208333333334,51.47666666666667,50.878125000000004,58.22979166666667,51.72145833333334,57.396875,49.20083333333333,51.857708333333335,56.968958333333326,49.412083333333335,52.55145833333333,65.23416666666667,50.06708333333333,43.99604166666666,64.763125,56.539375,71.16291666666667,62.33604166666667,50.702708333333334,48.71083333333333,56.82270833333333,49.81979166666667,55.75125,47.880625,50.00875,54.86416666666667,48.569583333333334,50.09145833333333,64.33312500000001,53.27166666666667,47.1975,66.61104166666667,57.60333333333333,74.02583333333332,63.94520833333333,52.25062500000001,53.04416666666666,59.63583333333333,53.624583333333334,59.04270833333334,50.521875,53.70791666666667,59.07458333333333,50.252916666666664,55.01125,66.13604166666666
5.0,2022,520.0,55.558125,55.30625,62.64208333333334,57.66416666666667,56.591874999999995,56.833124999999995,54.89604166666666,56.615208333333335,56.635625,55.27770833333333,56.11166666666667,54.46083333333333,56.45979166666667,53.89395833333333,54.585,56.27729166666666,54.04583333333333,50.481249999999996,48.91625,54.84145833333333,53.85395833333333,60.00791666666667,57.77895833333333,49.631875,47.89479166666666,57.10166666666667,50.767500000000005,50.48770833333333,48.293749999999996,51.72666666666667,57.511041666666664,47.898125,51.520624999999995,58.19104166666667,49.448125,48.23854166666666,53.45854166666667,50.03375,60.27854166666666,55.78187500000001,47.65520833333333,46.74375,58.88854166666667,49.73354166666667,49.08916666666667,47.58020833333333,49.7525,56.510625000000005,45.62041666666667,50.64333333333334,58.87020833333333,51.51541666666666,49.59583333333333,56.224583333333335,57.67416666666667,59.736250000000005,59.77708333333334,51.60604166666667,49.04604166666667,55.314166666666665,51.80041666666667,51.88604166666667,49.005208333333336,53.70104166666667,58.51020833333333,50.177083333333336,52.3975,57.512708333333336
5.0,2023,520.0,59.355625,58.037083333333335,59.990833333333335,60.161458333333336,67.07625,65.39999999999999,59.92541666666667,60.80854166666666,56.94520833333333,58.284166666666664,62.470416666666665,56.68625,59.651041666666664,73.05083333333333,58.73354166666667,57.72895833333334,75.485,59.069583333333334,56.16395833333333,60.44833333333333,62.37375,70.68833333333333,59.37145833333333,58.5925,59.41958333333333,65.17145833333333,57.72875,61.61395833333333,57.559583333333336,57.633541666666666,76.90791666666667,57.15270833333333,58.80979166666666,73.88041666666666,58.2575,54.5425,60.30229166666667,63.143125,70.64916666666666,59.001458333333325,57.440625000000004,59.41395833333333,64.45729166666666,56.9175,61.446666666666665,56.571041666666666,57.31125,74.42166666666667,55.70374999999999,58.874791666666674,74.06166666666667,59.880208333333336,57.786249999999995,60.59395833333334,61.60395833333333,70.72854166666666,59.73979166666667,59.74395833333333,59.42520833333333,65.88479166666666,58.539375,61.78041666666667,58.54750000000001,57.954791666666665,79.39375,58.601875,58.745000000000005,73.69791666666667
6.0,2018,620.0,54.922291666666666,54.18020833333333,59.591874999999995,53.82541666666666,67.74333333333333,59.673750000000005,50.48583333333334,57.09583333333333,58.05770833333333,53.036458333333336,59.065416666666664,50.166,55.876,58.68425,50.43775,57.852999999999994,59.702999999999996,50.140208333333334,48.55291666666667,61.123124999999995,55.31583333333333,63.19770833333333,51.951875,44.97666666666667,50.935,53.7425,50.11020833333333,50.78666666666667,53.2245,47.728500000000004,47.33425,46.2085,48.777249999999995,54.14149999999999,,,,,,,,,,,,,,,,,,,,,,,,,,,,,,,,,,
6.0,2019,620.0,50.118125,50.960625,60.32604166666667,52.148125,53.82145833333333,48.74895833333333,46.040416666666665,48.67875,50.67979166666667,50.44479166666667,48.18687499999999,51.92604166666666,49.25083333333333,57.69145833333334,49.65020833333333,49.69645833333333,56.07041666666667,47.4475,47.318125,67.60583333333334,52.759166666666665,67.71333333333332,45.07833333333334,40.222500000000004,42.64479166666667,51.40416666666667,48.88270833333333,46.37270833333333,48.44895833333334,47.995625,51.367916666666666,46.76416666666666,46.79291666666666,59.185,,,,,,,,,,,,,,,,,,,,,,,,,,,,,,,,,,
6.0,2020,620.0,53.95249999999999,54.34916666666667,53.990208333333335,55.752916666666664,59.86541666666667,54.36875,54.993541666666665,50.32749999999999,55.401875,52.29,56.205000000000005,51.900625,54.43541666666667,58.60708333333333,52.642291666666665,54.818958333333335,56.80791666666667,51.232499999999995,49.39291666666667,69.70333333333333,65.94270833333333,74.185625,51.818125,56.974375,47.18541666666667,52.56979166666667,49.096875000000004,52.79333333333333,54.62375,48.39208333333334,58.662708333333335,49.680416666666666,50.07479166666667,67.239375,46.35,43.46321428571429,68.26464285714286,60.435,70.44428571428571,59.3025,53.35071428571428,39.82035714285714,48.40714285714286,43.78178571428572,49.894999999999996,50.35035714285714,42.50607142857143,55.589999999999996,46.68642857142857,43.959999999999994,65.97571428571429,51.23142857142857,48.739285714285714,70.4025,67.11785714285715,75.01285714285714,61.04892857142857,58.606785714285714,45.8975,52.34285714285714,50.3225,52.82214285714286,53.19678571428572,48.07071428571429,60.12892857142857,51.628214285714286,49.12392857142857,69.20642857142857
6.0,2021,620.0,45.57875000000001,45.13958333333333,56.03062499999999,49.129999999999995,55.068125,50.255625,42.625,40.814166666666665,49.324999999999996,46.53895833333333,44.57395833333334,41.98666666666667,47.27666666666667,49.56583333333333,44.47645833333333,49.25875,51.02395833333333,47.99604166666666,47.083958333333335,61.85375,55.30708333333333,68.768125,60.843333333333334,48.147708333333334,44.89875,50.551874999999995,46.362500000000004,50.687291666666674,49.529583333333335,45.743541666666665,55.950208333333336,47.57375,45.740833333333335,60.99104166666666,46.41625,45.333958333333335,60.71729166666666,51.66625,68.43791666666667,59.830625,46.3125,43.50270833333334,48.26895833333333,43.98354166666667,50.24854166666666,48.87583333333333,43.32208333333333,54.36770833333333,47.265625,43.928333333333335,57.69416666666667,49.576249999999995,48.83354166666667,62.989375,58.94645833333333,69.09833333333333,61.855625,49.98354166666667,46.294375,52.835,48.74166666666667,51.126666666666665,50.181875,48.165,57.533125000000005,47.87979166666667,47.55375,64.28708333333333
6.0,2022,620.0,51.73583333333334,50.89000000000001,65.37770833333333,51.16583333333333,63.535625,55.60874999999999,52.81166666666667,48.24229166666667,51.96479166666666,52.65645833333334,52.54291666666666,47.32729166666667,54.78520833333334,57.410625,50.372083333333336,52.92645833333333,62.747083333333336,50.50479166666667,49.129999999999995,56.955000000000005,52.51791666666667,62.30875,55.692083333333336,48.537708333333335,46.89166666666667,58.69291666666667,51.28041666666667,49.45541666666667,47.71625,51.91354166666667,55.5625,47.99166666666667,51.23541666666667,61.33083333333334,49.754375,48.571041666666666,55.78729166666667,51.42604166666666,62.31979166666667,53.92041666666666,47.85708333333333,46.28604166666667,57.61666666666667,50.09395833333334,49.24583333333334,47.51104166666667,50.91416666666667,51.848749999999995,47.375,50.463125,59.827708333333334,51.25458333333333,49.689166666666665,58.123124999999995,53.61145833333333,62.29770833333333,57.462291666666665,49.21645833333333,47.49645833333333,59.768750000000004,52.46645833333333,49.666875000000005,47.92124999999999,52.91354166666667,59.276875,48.60666666666666,52.00604166666667,62.834375
6.0,2023,620.0,54.38291666666667,53.04458333333333,61.611041666666665,58.239374999999995,61.58083333333334,64.46354166666667,56.74791666666667,48.619166666666665,56.631458333333335,51.68833333333333,59.43125,53.975,54.187916666666666,62.65562500000001,50.70708333333334,56.962916666666665,66.345,53.163125,51.546875,64.85458333333334,58.64541666666667,64.81416666666667,49.590624999999996,54.317708333333336,46.74458333333334,60.373124999999995,49.895624999999995,58.01229166666667,52.62479166666666,51.600833333333334,64.89083333333333,49.288333333333334,54.79708333333334,67.271875,52.05020833333333,50.82895833333333,63.37875,57.89520833333333,62.24375,48.25,53.328541666666666,44.987291666666664,59.381875,48.84145833333333,56.699375,50.7075,51.18354166666666,62.72354166666667,48.53541666666666,53.09520833333334,66.60583333333334,54.278124999999996,52.265625,66.33125,59.39833333333333,67.38520833333332,50.92958333333333,55.30833333333334,48.50104166666667,61.364583333333336,50.949999999999996,59.32583333333333,54.54291666666666,52.017291666666665,67.05833333333334,50.04145833333333,56.49729166666666,67.93666666666667
7.0,2018,720.0,54.41979166666667,53.07583333333333,57.74270833333333,52.31166666666667,63.32020833333333,55.73,50.778124999999996,55.07604166666667,57.369791666666664,53.05708333333333,55.288125,56.177,50.195499999999996,54.01625,54.18125,52.795249999999996,50.826499999999996,48.111250000000005,46.75125,52.96895833333334,52.984166666666674,59.84375,45.47770833333333,51.46458333333334,43.47604166666667,52.77854166666666,49.17625,44.568958333333335,48.6275,45.7125,49.601,47.89425,44.12975,50.413,,,,,,,,,,,,,,,,,,,,,,,,,,,,,,,,,,
7.0,2019,720.0,50.09291666666667,48.82583333333333,58.95541666666667,55.99104166666667,57.22291666666666,56.285,55.14291666666667,45.48583333333334,52.48791666666667,50.08770833333333,46.788333333333334,52.39666666666667,48.602916666666665,53.665416666666665,51.60479166666667,47.16020833333334,57.463125,43.95583333333334,43.01666666666667,62.18395833333333,53.708124999999995,60.70041666666666,43.65395833333333,46.151250000000005,40.136874999999996,46.45104166666667,43.36625,41.603125,49.32333333333333,38.80895833333333,56.394375,44.17124999999999,39.95791666666667,59.41583333333333,,,,,,,,,,,,,,,,,,,,,,,,,,,,,,,,,,
7.0,2020,720.0,48.637708333333336,46.843333333333334,50.11375,55.93875,58.42958333333333,47.37229166666666,51.49895833333333,48.275416666666665,49.490625,47.856875,51.016875,45.41833333333333,50.25,59.337291666666665,47.06020833333333,51.57916666666667,54.29291666666666,49.715624999999996,45.19583333333333,64.39729166666667,66.89645833333333,68.17583333333333,57.65770833333334,58.748124999999995,51.579375,46.283125000000005,42.931666666666665,60.168125,51.73333333333333,49.25479166666667,61.18666666666667,42.55958333333333,52.109791666666666,72.20208333333333,45.35964285714285,39.65392857142857,58.45321428571429,64.39071428571428,68.34928571428571,63.05535714285715,54.800000000000004,42.910714285714285,43.964642857142856,35.693571428571424,60.44607142857143,49.909285714285716,42.55642857142857,59.75535714285714,38.43142857142857,46.60642857142857,71.74785714285714,50.315714285714286,45.512142857142855,61.98892857142857,70.42142857142856,70.76,66.78892857142857,60.713928571428575,47.57392857142857,49.82357142857143,41.39892857142858,64.24357142857143,53.22535714285714,48.36214285714285,62.67821428571428,42.56285714285714,51.48357142857143,74.97928571428572
7.0,2021,720.0,45.418749999999996,47.09354166666666,49.42270833333333,39.78125,48.84479166666667,54.19770833333333,48.538125,37.4525,47.005833333333335,45.111875,43.85104166666667,46.286458333333336,44.24041666666667,51.963125,45.750416666666666,44.54458333333333,50.12270833333333,53.60791666666666,51.15708333333333,58.97479166666667,57.116875,66.68229166666667,60.18125,56.491458333333334,54.009166666666665,53.71666666666667,49.298750000000005,58.42124999999999,53.24270833333333,54.40625,57.999791666666674,51.155833333333334,57.6475,63.390625,51.40854166666667,49.06666666666666,58.10583333333333,56.24583333333334,63.661458333333336,57.45333333333334,54.99604166666666,51.923541666666665,51.94770833333333,47.350208333333335,56.12729166666667,50.269375,52.5325,56.774375,48.59583333333333,54.977291666666666,61.725208333333335,55.806875,53.24666666666667,59.84229166666666,57.98583333333334,69.70083333333334,62.91104166666667,57.98895833333333,56.095625000000005,55.483125,51.244791666666664,60.71604166666666,56.214166666666664,56.27916666666667,59.22479166666667,53.71666666666667,60.318125,65.056875
7.0,2022,720.0,52.84312499999999,52.81479166666667,62.37562500000001,54.40562499999999,52.94,55.50062500000001,53.02770833333333,49.85208333333333,52.63583333333333,51.855625,54.776250000000005,52.73666666666667,52.70666666666667,61.109375,52.91458333333333,52.8675,61.80895833333333,49.946875,49.32125,58.423750000000005,52.75062500000001,56.17104166666667,50.44229166666667,51.15083333333334,44.4025,55.68958333333333,48.99125,51.251875000000005,48.00666666666667,50.80145833333333,65.07375,48.50145833333334,50.660625,64.87354166666667,48.50083333333333,48.182291666666664,57.22666666666667,50.92729166666667,55.356458333333336,48.184583333333336,50.821666666666665,42.091875,52.134791666666665,47.66770833333334,50.255833333333335,46.34145833333333,49.32729166666667,65.65916666666666,47.82708333333333,47.958958333333335,64.83645833333334,51.39270833333333,50.46145833333333,59.62,54.57354166666667,56.985625,52.70083333333333,51.48208333333333,46.714375,59.244166666666665,50.31312500000001,52.24666666666667,49.67104166666667,52.276041666666664,64.48958333333333,49.17625,53.361875,64.910625
7.0,2023,720.0,52.315,51.448125000000005,65.04291666666667,55.615625,63.30875,57.73208333333333,56.87479166666666,46.510416666666664,52.59354166666666,50.32458333333333,56.47291666666666,52.174375,52.213541666666664,68.42666666666666,50.01499999999999,52.39208333333334,67.94854166666667,49.339375,47.810833333333335,62.168749999999996,54.29624999999999,64.61375,52.70041666666666,51.279583333333335,43.349583333333335,57.962291666666665,49.122083333333336,49.335625,46.98375000000001,50.84979166666667,63.665,47.838541666666664,49.093333333333334,66.015625,48.57333333333333,46.99125,61.678958333333334,53.64479166666666,63.749583333333334,51.0975,51.24375,41.61,56.08708333333333,48.939166666666665,47.88833333333333,46.73520833333333,49.75416666666666,62.77395833333333,47.39333333333334,48.764375,63.90416666666667,50.10458333333333,48.628125000000004,62.65979166666667,54.94645833333333,65.47666666666667,54.30458333333333,51.315625000000004,45.09020833333333,59.836875,49.30479166666667,50.78270833333334,47.23166666666666,51.94541666666667,64.55416666666666,48.28395833333334,49.42250000000001,68.126875
8.0,2018,820.0,60.30895833333333,53.803958333333334,57.32729166666667,61.487291666666664,63.112500000000004,55.20416666666667,55.29708333333334,63.03729166666667,61.626666666666665,59.55791666666667,61.44708333333333,59.923500000000004,60.239,55.11900000000001,55.416999999999994,61.90375,59.7365,60.037708333333335,51.41375,55.20104166666667,60.08041666666667,65.15916666666666,54.03520833333334,54.130625,61.05770833333333,65.06895833333333,62.160625,58.973125,59.315250000000006,60.5135,60.897749999999995,57.053999999999995,60.54350000000001,68.02125,,,,,,,,,,,,,,,,,,,,,,,,,,,,,,,,,,
8.0,2019,820.0,57.351875,51.628125000000004,59.414375,59.15375,59.818125,55.31125,58.088125,56.56604166666667,59.111041666666665,55.685624999999995,58.33270833333333,57.06020833333333,56.48291666666666,59.791666666666664,54.82666666666666,58.225833333333334,60.2475,61.36708333333333,46.93645833333333,64.7625,63.835625,72.026875,47.60916666666666,47.21125,62.373124999999995,67.90770833333333,62.08354166666666,62.629999999999995,59.79625000000001,62.210208333333334,69.311875,57.588125,63.59604166666667,72.09541666666667,,,,,,,,,,,,,,,,,,,,,,,,,,,,,,,,,,
8.0,2020,820.0,54.755625,48.494375,47.511875,55.504375,58.73541666666667,51.14729166666667,52.80145833333333,51.855625,57.78354166666667,54.17416666666667,55.982499999999995,55.08354166666667,53.48333333333333,63.65229166666666,53.144375,55.651041666666664,56.770833333333336,71.80875,56.59625,64.67145833333333,71.55979166666667,78.82541666666667,68.79729166666667,68.36708333333333,70.81645833333333,73.46208333333333,71.50104166666667,74.22104166666666,72.74666666666667,70.86895833333334,76.96104166666667,67.37770833333333,72.38625,83.20041666666667,72.70785714285714,56.33107142857143,61.035357142857144,72.3,79.78142857142858,77.42821428571428,65.83285714285714,71.21035714285713,74.71000000000001,72.45928571428571,75.74642857142858,73.41392857142857,73.35035714285713,80.045,67.41464285714287,74.3582142857143,83.64964285714287,75.9067857142857,57.925714285714285,65.09142857142857,76.33142857142857,82.72392857142857,81.57071428571429,73.18607142857142,75.34214285714286,77.49214285714287,75.31928571428571,78.35642857142857,74.88678571428571,76.58571428571429,81.66428571428571,69.69321428571429,77.49607142857143,86.57107142857141
8.0,2021,820.0,52.699375,45.65479166666666,47.432500000000005,50.905833333333334,57.853541666666665,57.066875,50.857499999999995,51.711875,54.62395833333333,52.821666666666665,54.49729166666666,53.04479166666667,52.41083333333333,57.10104166666667,52.30020833333333,54.37,53.899791666666665,65.88541666666667,51.15770833333334,60.75770833333333,63.122083333333336,78.51833333333333,61.255625,59.888749999999995,66.36229166666666,74.61104166666667,66.955625,69.03333333333333,61.25666666666667,68.655625,74.930625,60.18333333333334,68.87208333333334,77.99395833333334,64.40979166666666,50.093541666666674,59.42291666666667,61.684374999999996,76.92395833333333,58.68958333333333,58.76645833333333,64.54,73.30770833333334,65.55791666666667,67.61479166666666,59.56020833333333,67.1225,74.27499999999999,58.38729166666667,67.21520833333334,76.82541666666667,67.359375,52.221875000000004,62.09166666666667,64.56041666666667,80.11395833333334,63.82229166666667,61.01104166666667,68.18520833333334,75.91541666666667,68.35375,70.45166666666667,62.95395833333333,70.189375,75.58645833333334,61.97958333333333,70.52895833333334,79.16229166666666
8.0,2022,820.0,57.83708333333333,56.47145833333334,61.4575,59.12375,59.098125,51.892291666666665,57.2875,58.65020833333333,60.560624999999995,57.71,57.965624999999996,55.54541666666666,58.72354166666667,68.02958333333333,55.09354166666666,58.41770833333334,62.46,60.960625,54.103125,60.833958333333335,61.05875,70.80166666666666,51.712916666666665,57.99875,61.975625,68.75083333333333,60.59145833333333,60.537083333333335,57.68125,62.26291666666666,70.27354166666667,57.143750000000004,61.64541666666667,67.82062499999999,60.01229166666667,53.625416666666666,60.838125,60.357708333333335,68.731875,49.461875,57.553125,60.435833333333335,67.12708333333333,59.72541666666667,59.649375,57.44875,60.375416666666666,71.39395833333333,56.77791666666667,60.056666666666665,67.69833333333334,61.90958333333333,54.58354166666666,60.831041666666664,61.76020833333334,72.869375,53.962916666666665,58.445625,63.515833333333326,70.37354166666667,61.458333333333336,61.42458333333334,57.914791666666666,64.14916666666666,69.15270833333334,57.50895833333333,63.234791666666666,67.94520833333333
8.0,2023,820.0,60.49770833333333,59.39854166666667,66.11729166666667,60.79916666666667,63.11270833333333,54.85395833333334,61.94166666666666,63.35104166666667,53.27104166666667,60.04750000000001,62.133125,58.41625,62.27458333333333,65.56625,57.990833333333335,61.829791666666665,66.97708333333334,62.71458333333334,56.65729166666667,63.683125,62.25666666666667,71.43833333333333,55.678125,60.87625,65.74458333333332,65.49229166666667,61.82020833333333,63.957708333333336,59.76125,63.566875,72.87645833333333,57.52020833333333,64.15791666666667,71.32875,61.51791666666667,54.831041666666664,63.265208333333334,61.121874999999996,69.49104166666667,53.85145833333333,59.73875,64.541875,64.05979166666667,60.23229166666667,63.13166666666667,58.98166666666666,61.86604166666667,72.15083333333334,56.45979166666667,62.38291666666667,70.74291666666666,63.91291666666667,58.48229166666667,64.10104166666666,63.390833333333326,73.38520833333332,57.50604166666667,62.013958333333335,66.94625,66.92541666666666,63.407916666666665,64.784375,60.540625,65.26645833333333,73.60187499999999,58.57958333333334,65.93333333333334,71.91395833333333
9.0,2018,920.0,54.87479166666666,53.846875000000004,55.45770833333333,51.81020833333333,62.12708333333333,56.92541666666667,56.17791666666667,54.826875,56.71625,55.18979166666667,56.10145833333333,53.852250000000005,54.35,62.00725,51.6265,56.98375,62.5255,57.494375,46.465833333333336,55.671875,59.595,63.339375,56.83020833333333,53.40875,57.615208333333335,61.98708333333334,57.249583333333334,57.223958333333336,59.738,56.8765,58.97324999999999,56.419,58.67775,57.52,,,,,,,,,,,,,,,,,,,,,,,,,,,,,,,,,,
9.0,2019,920.0,53.85208333333333,57.1875,55.751666666666665,50.562916666666666,55.00895833333333,55.30458333333333,59.02104166666666,51.55645833333333,56.53187499999999,52.697916666666664,55.32020833333333,52.10458333333333,53.672083333333326,59.912708333333335,51.9625,54.460625,58.00229166666667,58.11395833333333,50.06333333333333,65.52666666666667,58.331875,63.907916666666665,47.135416666666664,54.11729166666667,54.92166666666666,63.63916666666666,57.129999999999995,60.35833333333333,60.905,57.951458333333335,57.1475,56.70374999999999,56.479166666666664,69.626875,,,,,,,,,,,,,,,,,,,,,,,,,,,,,,,,,,
9.0,2020,920.0,52.88833333333333,53.614374999999995,50.85916666666666,52.37645833333334,52.524166666666666,48.138749999999995,53.16791666666666,49.421458333333334,56.223958333333336,52.203125,53.84375,52.236875,51.79604166666667,61.645624999999995,56.93770833333334,48.484583333333326,59.91583333333333,64.65916666666666,51.7475,66.99354166666667,65.30479166666667,69.92854166666667,56.71958333333333,55.088541666666664,65.53791666666667,69.483125,63.070625,67.60770833333333,68.59979166666666,63.236041666666665,61.54604166666667,61.095416666666665,66.86770833333334,67.07770833333333,63.480000000000004,52.45464285714286,62.17964285714286,62.87535714285714,71.20571428571428,60.582857142857144,48.21142857142858,64.34035714285714,71.62607142857142,62.08678571428572,67.30142857142857,70.45428571428572,61.45,62.32535714285715,58.93142857142857,65.50535714285715,68.71071428571429,68.96642857142857,54.974642857142854,66.01607142857144,70.7125,76.11392857142857,65.68285714285715,57.99,69.70535714285714,75.53714285714285,67.50035714285714,73.41357142857143,71.88857142857144,67.60821428571428,65.88250000000001,63.917500000000004,72.06964285714285,70.73857142857143
9.0,2021,920.0,48.64791666666667,43.48875,46.04020833333333,51.80416666666667,49.22375,55.228125,48.83645833333333,48.09270833333333,49.10270833333333,47.933125,47.533125000000005,47.07083333333333,47.55854166666666,53.400416666666665,48.90958333333333,48.328125,47.86208333333334,60.516875,50.14895833333333,60.330000000000005,60.196041666666666,71.36854166666667,59.63395833333333,53.942708333333336,63.52,68.936875,61.695625,62.78958333333333,56.91166666666667,63.053333333333335,65.80854166666667,57.74541666666667,59.681666666666665,70.846875,58.12729166666667,47.420625,59.048125,57.76145833333334,68.84520833333333,56.38479166666667,51.481458333333336,60.795625,67.06770833333333,59.44854166666667,60.12270833333333,54.69083333333333,60.72666666666667,61.36729166666667,55.782916666666665,57.73458333333334,65.92020833333333,62.906666666666666,52.87645833333334,61.61083333333334,62.630833333333335,73.89166666666667,62.88375,56.4025,66.244375,70.80833333333334,63.944583333333334,65.45625,59.13166666666667,65.38041666666668,70.25125,59.70854166666667,61.62854166666667,75.77270833333334
9.0,2022,920.0,56.805,59.03583333333333,61.13395833333333,55.15708333333333,59.51499999999999,55.70916666666667,57.96895833333334,58.27541666666667,54.730625,55.53854166666667,58.193958333333335,54.76625000000001,58.199375,65.32604166666667,54.15854166666667,57.80916666666667,64.91,58.056666666666665,56.38645833333334,59.105,54.37354166666666,68.22375,50.69625,55.32604166666667,60.329791666666665,67.56333333333333,57.14041666666666,59.52895833333333,55.27166666666667,59.10916666666666,68.65958333333333,53.95249999999999,58.52583333333333,72.88520833333332,57.16416666666667,56.69125,58.58541666666667,52.87375,66.48520833333333,47.791666666666664,54.87562500000001,60.23895833333333,65.56854166666666,56.115833333333335,58.785625,55.09041666666667,57.90875,66.44833333333334,53.165,57.92041666666666,71.00729166666666,58.94875,56.083125,59.62437499999999,55.87395833333333,69.96083333333333,53.60041666666667,55.77395833333333,60.42104166666667,69.55833333333334,58.166041666666665,60.273125,55.45458333333334,60.30916666666667,70.86833333333333,54.73979166666667,59.13125,74.764375
9.0,2023,920.0,59.01229166666667,54.232708333333335,66.77229166666667,58.41645833333333,67.91687499999999,58.03270833333334,59.3375,63.05041666666667,51.9175,57.89895833333333,63.00833333333333,54.41458333333333,60.606875,73.57895833333333,55.33604166666667,59.577708333333334,75.91270833333333,60.435833333333335,53.55041666666667,67.923125,59.464375,71.14166666666667,54.26958333333334,58.74895833333333,64.86354166666666,62.16395833333333,58.87291666666667,64.25916666666667,54.624583333333334,63.24645833333333,68.158125,56.770625,60.473749999999995,73.63375,59.012708333333336,52.760416666666664,67.72375000000001,57.33375,69.50875,52.98875,56.83354166666667,64.65041666666666,60.805,57.63125,62.7525,52.66104166666667,62.261875,66.316875,55.22541666666667,59.550625,71.73916666666666,61.85708333333333,54.33979166666666,68.12125,61.5975,72.77354166666667,55.549791666666664,60.664375,65.0775,63.522083333333335,60.11625,65.764375,56.58791666666667,64.23229166666667,70.00041666666667,58.31666666666666,61.39854166666667,75.52916666666667
10.0,2018,1020.0,52.140625,50.92041666666666,58.40375,48.41458333333333,64.56229166666667,56.833124999999995,48.619375,52.67625,56.833333333333336,50.909375000000004,55.333124999999995,48.09525,52.335249999999995,55.21325,48.47175,54.648,56.092499999999994,54.083124999999995,47.81020833333333,62.775625,55.852291666666666,62.374583333333334,43.54666666666666,50.034375000000004,54.775625,59.58645833333333,53.96083333333333,55.61895833333333,55.684000000000005,46.427749999999996,54.712,52.498749999999994,50.62075,56.289750000000005,,,,,,,,,,,,,,,,,,,,,,,,,,,,,,,,,,
10.0,2019,1020.0,51.41916666666666,51.01083333333333,60.759166666666665,49.251875000000005,58.556041666666665,52.026250000000005,52.213541666666664,51.240208333333335,50.81979166666667,48.470416666666665,56.387708333333336,48.710625,52.76645833333333,59.19625,52.14479166666666,51.11291666666667,60.817499999999995,47.532916666666665,39.368125,64.38625,49.06791666666667,54.556875,44.29541666666666,41.662708333333335,47.46875,50.772708333333334,48.56708333333333,47.19541666666667,47.461875,49.056875,51.329791666666665,47.00083333333333,49.67541666666667,62.755625,,,,,,,,,,,,,,,,,,,,,,,,,,,,,,,,,,
10.0,2020,1020.0,48.54666666666666,47.371874999999996,53.572916666666664,48.399791666666665,51.96479166666666,50.15729166666667,44.553333333333335,49.740833333333335,51.289375,46.55291666666667,51.01333333333333,50.47958333333333,46.12166666666667,56.779374999999995,49.818125,47.93125,49.32395833333334,55.038333333333334,41.885625,68.97625000000001,58.4475,59.35708333333333,61.324375,56.35958333333334,56.251875000000005,56.30854166666666,51.593958333333326,60.62270833333333,58.06041666666667,51.15083333333333,65.64,53.06104166666666,53.94645833333333,62.158125000000005,51.81678571428571,35.63285714285714,64.14285714285714,56.088928571428575,53.75928571428572,66.09107142857142,50.833928571428565,49.81964285714286,57.54607142857143,47.475,59.05285714285714,57.8825,48.18535714285714,61.330714285714286,46.105714285714285,52.67892857142857,57.08142857142857,54.795,39.3575,67.70821428571428,57.40464285714285,58.48607142857143,65.7792857142857,54.411071428571425,56.51892857142857,58.246428571428574,50.77964285714285,63.115,58.72714285714285,52.59357142857142,63.34178571428571,49.44428571428572,55.49857142857143,61.041071428571435
10.0,2021,1020.0,47.20791666666667,43.06479166666667,48.44854166666667,47.68020833333333,52.98166666666666,46.666041666666665,50.240625,42.70416666666667,50.517291666666665,46.571666666666665,48.90270833333333,47.39291666666667,45.84729166666667,56.1,46.00333333333333,47.39333333333334,50.276250000000005,53.64333333333334,45.39604166666667,58.956250000000004,62.04208333333333,56.88375,56.465833333333336,48.418749999999996,56.45229166666667,56.35270833333333,54.179375,52.852916666666665,54.607499999999995,52.085,50.880208333333336,48.04083333333333,56.79208333333333,57.83541666666667,51.42416666666667,45.04458333333333,57.511875,59.77125,55.115833333333335,54.491875,45.39520833333333,53.65895833333334,55.341874999999995,52.331875,50.338750000000005,51.515208333333334,50.07729166666667,50.654374999999995,45.48208333333333,55.081250000000004,55.929375,55.862291666666664,45.74770833333333,60.39854166666667,64.3125,58.650416666666665,58.43687499999999,51.44166666666666,59.24645833333333,57.363125,56.02708333333334,55.36625,57.69895833333334,54.090833333333336,51.10708333333333,50.59979166666667,58.50458333333333,59.74166666666667
10.0,2022,1020.0,53.988125,53.605625,51.906666666666666,53.809374999999996,62.190625000000004,55.443125,54.84979166666667,52.092083333333335,54.79666666666666,54.14291666666667,55.21541666666667,51.11833333333333,56.637708333333336,58.54750000000001,54.633125,51.73083333333333,63.60958333333334,53.66291666666667,51.03375,57.798541666666665,54.04,64.38958333333333,52.357499999999995,51.704791666666665,54.085625,61.70041666666666,53.444375,53.855625,53.82833333333334,53.429375,56.72708333333333,54.233958333333334,50.84458333333333,60.144375,53.05916666666667,50.31312500000001,55.09479166666667,54.57145833333333,60.55645833333333,50.352291666666666,51.036249999999995,53.055625,60.20645833333333,52.794999999999995,53.08645833333333,54.04479166666667,52.36145833333333,55.04333333333333,54.22354166666667,49.58145833333333,56.362291666666664,54.268125,51.755833333333335,60.50354166666667,53.507083333333334,68.221875,54.362291666666664,52.3725,55.11541666666667,63.194583333333334,54.09312499999999,54.625,53.613125,54.499791666666674,58.41041666666666,54.243541666666665,52.10791666666666,63.92729166666667
10.0,2023,1020.0,56.34166666666667,54.79895833333333,56.95249999999999,54.78,62.506458333333335,61.090833333333336,55.27520833333333,58.916666666666664,58.06020833333333,55.821875,60.10874999999999,53.452916666666674,57.35541666666666,70.770625,52.75625,57.834583333333335,69.32062499999999,55.46729166666666,52.22354166666667,62.59041666666667,54.856875,61.64395833333333,54.60604166666667,53.770833333333336,57.80791666666667,62.07125,54.68729166666666,59.119791666666664,51.865,57.018125,64.86874999999999,50.79479166666667,56.232499999999995,69.27062500000001,54.755625,51.56645833333334,63.303333333333335,53.85666666666666,60.72354166666667,54.798541666666665,53.19145833333334,56.565625000000004,62.855,54.47354166666667,57.53,51.05875,56.11729166666667,66.05875,50.43729166666666,54.831041666666664,68.49229166666667,56.17791666666667,52.881458333333335,61.8775,55.857499999999995,62.56395833333334,54.414375,54.35125,59.05041666666667,61.289375,54.9,60.710208333333334,52.67291666666667,57.91916666666666,63.67875,51.15291666666667,57.63291666666667,70.04791666666667
11.0,2018,1120.0,53.200208333333336,49.35833333333333,54.240208333333335,59.225,59.56979166666667,55.45083333333333,52.955625,52.30520833333333,55.48791666666667,53.769375,53.421875,50.4015,53.312,50.36325,49.472500000000004,52.847,56.704499999999996,49.95375000000001,45.96145833333333,61.64895833333333,54.043749999999996,60.412083333333335,45.21,48.30854166666666,49.94770833333334,55.16229166666667,51.9675,50.20395833333333,47.442750000000004,49.515499999999996,54.664,45.76425,49.62275,57.11625,,,,,,,,,,,,,,,,,,,,,,,,,,,,,,,,,,
11.0,2019,1120.0,47.649375,43.97291666666666,59.05229166666666,57.01895833333333,53.233125,52.947291666666665,47.76770833333333,42.03791666666667,52.34312499999999,45.942708333333336,50.469166666666666,47.51333333333333,47.87645833333334,57.13583333333333,44.59312499999999,49.891875,58.416666666666664,45.19166666666666,41.14833333333333,65.73875,54.211875,53.21770833333333,44.50375,45.679375,36.96270833333333,51.746874999999996,43.19125,47.850208333333335,45.58979166666666,45.03333333333333,52.413333333333334,45.16291666666667,44.594166666666666,57.467083333333335,,,,,,,,,,,,,,,,,,,,,,,,,,,,,,,,,,
11.0,2020,1120.0,47.18958333333333,48.044999999999995,55.969166666666666,44.83354166666667,47.017500000000005,50.81041666666667,42.397708333333334,44.547291666666666,52.945625,49.61416666666667,45.76416666666666,47.23041666666666,46.15687500000001,55.4775,46.71791666666667,46.659166666666664,56.562291666666674,52.8125,45.69083333333333,69.67333333333333,60.2275,58.51958333333334,61.37229166666666,58.71791666666667,44.90708333333333,58.807291666666664,50.55125,56.83041666666667,55.241875,50.63229166666667,66.79666666666667,50.45729166666666,53.76458333333333,68.02604166666667,52.02607142857143,44.79714285714285,65.05285714285715,61.23392857142857,57.15571428571429,66.55321428571429,52.81964285714286,43.29392857142857,60.69607142857143,48.65392857142857,60.68535714285714,53.8775,49.07714285714286,68.2525,50.31964285714286,51.87571428571429,66.09607142857143,53.90107142857143,46.545,68.55142857142857,62.43714285714286,59.4475,67.11428571428571,58.2125,44.895357142857144,63.09428571428572,51.71785714285714,61.339285714285715,52.55607142857143,52.48642857142857,67.46392857142857,52.50857142857143,54.03285714285715,66.23357142857142
11.0,2021,1120.0,46.206250000000004,44.44416666666667,48.18020833333333,43.43958333333333,53.23833333333334,50.55145833333333,53.666666666666664,42.435,40.849583333333335,46.1175,46.831875,46.99770833333333,44.674791666666664,53.005208333333336,45.62479166666666,48.861041666666665,46.03125,48.381458333333335,43.739374999999995,54.93645833333333,53.07083333333333,52.42416666666667,60.147083333333335,51.177083333333336,50.020833333333336,47.97208333333333,47.83583333333333,50.348125,48.618541666666665,48.020833333333336,51.076458333333335,46.151250000000005,49.91291666666667,47.93541666666667,46.477291666666666,42.0225,53.66458333333333,49.95458333333334,50.66729166666667,58.381875,48.82145833333333,48.90395833333333,45.65958333333333,46.139375,48.62083333333334,46.868125,46.13083333333333,49.005208333333336,44.309583333333336,47.215833333333336,46.349583333333335,50.28541666666666,45.4575,56.20666666666667,56.185833333333335,54.181041666666665,61.912708333333335,53.53354166666667,51.13583333333333,50.28458333333333,49.53020833333333,52.07583333333333,50.369791666666664,49.911458333333336,53.149375,47.9925,52.610625,49.51979166666666
11.0,2022,1120.0,54.18479166666666,50.71604166666666,57.093958333333326,59.334375,62.348958333333336,55.00458333333333,57.529374999999995,51.204791666666665,52.98104166666667,53.75125,56.601875,54.73645833333333,53.803125,56.76,55.97604166666667,51.41104166666667,63.73291666666666,50.423125,46.22833333333333,55.4675,57.00895833333333,61.100625,48.30916666666667,52.62729166666667,46.81708333333333,53.409166666666664,50.465624999999996,51.24729166666666,51.935,49.18520833333333,56.80145833333333,51.15416666666667,48.36145833333333,59.47083333333333,50.02291666666667,46.476875,55.40020833333333,56.37645833333334,57.000208333333326,46.465,53.05375,44.86958333333334,51.31270833333334,50.13458333333333,50.89729166666667,52.544999999999995,47.715,55.8425,51.424791666666664,47.835208333333334,55.348125,50.82333333333333,45.97979166666667,55.534166666666664,57.643750000000004,65.20020833333334,50.154583333333335,52.20166666666666,48.764375,55.505833333333335,50.79583333333333,51.59645833333334,51.322916666666664,50.655833333333334,57.76104166666667,50.88333333333333,48.88791666666666,63.59270833333333
11.0,2023,1120.0,54.374791666666674,52.97208333333333,63.092083333333335,55.84229166666666,64.80354166666667,55.603125,57.52354166666667,52.298750000000005,49.300625,56.95333333333334,52.13833333333333,54.950208333333336,54.78041666666667,65.90354166666667,55.165416666666665,51.139375,63.65833333333333,52.60791666666666,51.80979166666666,63.781041666666674,53.880833333333335,62.028124999999996,46.61145833333333,54.75333333333333,48.663125,51.397083333333335,54.49645833333333,51.056875,52.955000000000005,52.26625000000001,64.25583333333334,53.354375,50.800000000000004,59.53895833333333,51.45666666666667,50.47625,64.04229166666667,52.25375,60.750416666666666,46.48291666666666,53.22479166666667,48.272708333333334,50.12854166666667,52.931875,50.47895833333333,51.669999999999995,50.82270833333334,63.69416666666667,51.70249999999999,50.53604166666667,59.03479166666667,53.75791666666667,53.14395833333333,63.52166666666667,55.50895833333333,63.30583333333333,46.73895833333333,56.28145833333334,49.055416666666666,52.665,56.062083333333334,51.635416666666664,54.239375,53.711666666666666,64.81583333333333,55.00479166666667,51.064375000000005,60.043125
12.0,2018,1220.0,63.16645833333334,59.793958333333336,62.74645833333333,56.97354166666667,67.130625,59.67979166666667,61.22020833333334,62.286458333333336,66.88208333333334,61.29458333333333,65.30958333333334,61.936249999999994,63.37525000000001,67.62775,59.42075,64.9855,67.9015,61.1325,50.04333333333333,65.62145833333334,59.82270833333334,65.350625,55.17520833333333,60.37583333333333,60.078125,61.21666666666667,60.570625,61.54125,56.55625,61.254999999999995,68.31649999999999,56.2845,60.761,69.06649999999999,,,,,,,,,,,,,,,,,,,,,,,,,,,,,,,,,,
12.0,2019,1220.0,60.39854166666667,52.73,65.72229166666666,59.00083333333333,63.64520833333333,60.529583333333335,62.33375,54.78875,63.5375,57.370625,63.94229166666667,56.22875,59.57458333333333,64.934375,54.59916666666667,61.318958333333335,64.049375,62.034166666666664,50.80125,67.52791666666667,64.849375,66.165,54.95104166666667,59.09770833333334,57.585625,68.00604166666666,58.74729166666666,66.49187500000001,58.075625,60.21520833333333,69.16020833333333,53.21479166666666,62.952708333333334,69.67791666666666,,,,,,,,,,,,,,,,,,,,,,,,,,,,,,,,,,
12.0,2020,1220.0,57.45875,51.99333333333333,55.05041666666667,58.80291666666667,59.105625,47.659375000000004,62.578541666666666,55.15895833333334,54.600208333333335,54.374583333333334,57.44770833333334,53.715833333333336,58.72979166666667,59.65875,59.38520833333333,56.61333333333334,57.79541666666666,64.40395833333334,59.860625,72.01875,64.90479166666667,65.24541666666667,59.32125,59.4475,65.243125,68.236875,63.41958333333333,66.455,69.591875,62.451875,67.11625,58.510416666666664,63.721666666666664,70.55041666666666,61.019642857142856,63.214999999999996,69.45214285714286,62.86821428571428,60.222500000000004,67.51607142857144,50.25035714285714,65.40892857142858,65.37857142857142,59.449285714285715,64.30071428571429,68.91428571428571,58.61964285714286,64.01642857142858,51.037142857142854,61.31821428571429,67.18357142857143,64.82714285714286,64.47285714285714,73.13642857142857,64.71428571428571,64.58321428571428,72.77071428571428,54.832142857142856,68.71321428571429,70.73142857142857,63.63785714285715,68.24071428571429,71.63178571428571,63.105000000000004,67.80464285714285,55.574285714285715,64.97035714285714,71.42214285714286
12.0,2021,1220.0,51.70458333333334,50.14166666666667,49.93666666666667,50.51583333333334,54.87979166666667,48.74541666666667,53.68875,48.946875,51.86770833333333,51.747083333333336,51.989583333333336,50.303958333333334,52.624583333333334,49.92583333333334,52.396875,51.463125,50.28479166666667,57.741875,59.38166666666667,64.318125,58.41770833333334,57.62562499999999,57.456250000000004,50.21875,58.99416666666667,66.01229166666667,55.65854166666667,61.62979166666667,60.00333333333333,55.56729166666667,63.48229166666667,51.27645833333333,55.400625,65.44,54.87958333333333,57.595416666666665,60.63791666666666,55.24,54.420625,55.29145833333333,46.941875,55.68687499999999,63.43354166666666,53.252916666666664,58.37104166666666,58.65145833333333,52.814166666666665,59.84020833333333,49.316875,52.75395833333334,61.78270833333334,60.60541666666666,61.16770833333334,67.99895833333333,61.59520833333334,60.83229166666666,59.62229166666666,53.495000000000005,62.30145833333333,68.59208333333333,58.06395833333334,64.890625,61.35479166666667,58.32020833333333,67.125,53.23520833333333,58.048125,69.098125
12.0,2022,1220.0,56.396458333333335,56.538333333333334,59.451875,50.84166666666667,58.888749999999995,62.67645833333333,57.157916666666665,53.326458333333335,54.384166666666665,55.08958333333334,57.637708333333336,54.663125,56.795625,57.302708333333335,52.156666666666666,58.84854166666667,59.64416666666667,57.60791666666666,52.96041666666667,60.50729166666667,54.146875,62.04125,57.244375,54.54458333333333,54.568958333333335,70.83291666666666,55.48833333333334,58.960208333333334,53.637499999999996,56.297291666666666,67.16708333333334,51.31354166666667,57.92270833333333,64.815625,56.03375,51.865625,57.534375000000004,53.68375,59.75729166666667,54.464375,53.32083333333333,53.24104166666667,68.45291666666667,54.68479166666666,56.79666666666666,53.31187499999999,54.55020833333333,66.28708333333334,50.02916666666667,57.01708333333334,61.949999999999996,59.18083333333333,54.056041666666665,63.479375,54.60854166666667,64.32395833333334,60.02520833333333,55.768541666666664,55.897083333333335,73.21374999999999,56.29333333333333,61.12291666666667,53.96416666666667,58.044999999999995,68.04604166666667,52.59854166666667,58.82729166666667,67.67979166666667
12.0,2023,1220.0,62.67520833333333,60.909166666666664,57.359375,63.327708333333334,65.59041666666667,64.65124999999999,65.03875000000001,62.43812500000001,54.82708333333333,62.40354166666666,63.68479166666666,58.227291666666666,62.96979166666667,68.51520833333333,59.8825,61.706250000000004,67.90895833333333,61.109375,56.32541666666666,57.13645833333334,62.498333333333335,64.46104166666667,54.905,59.154374999999995,63.83291666666667,64.38125000000001,58.57875000000001,63.178333333333335,56.011875,60.664791666666666,69.27229166666667,54.634166666666665,61.14875,67.49291666666666,59.53208333333333,55.380208333333336,53.115833333333335,60.609791666666666,63.36833333333333,52.59125,57.89395833333333,61.98166666666666,62.299791666666664,57.17395833333333,61.83375,56.035833333333336,58.66416666666667,66.72291666666666,53.69375,59.473958333333336,65.15520833333333,62.68541666666667,57.27,61.159166666666664,64.38625,65.55354166666667,57.22020833333334,60.41520833333333,65.68375,66.46229166666667,59.98458333333334,64.52270833333334,55.99041666666667,62.665625,71.82229166666666,55.57604166666667,62.821875,69.83125
14.0,2018,1420.0,66.22250000000001,66.99125,65.41541666666667,64.63145833333333,68.67979166666667,59.206875,63.830000000000005,67.03937499999999,67.57020833333333,65.3775,67.17104166666667,62.6145,67.90625,66.209,63.08774999999999,68.86699999999999,65.95775,61.693958333333335,56.868125,62.61333333333334,63.85375,61.703125,59.77729166666666,58.055416666666666,60.53895833333333,66.78875000000001,60.990833333333335,62.585,60.81675,60.27,63.51225000000001,58.807500000000005,63.283,64.68625,,,,,,,,,,,,,,,,,,,,,,,,,,,,,,,,,,
14.0,2019,1420.0,64.19270833333333,58.155,61.31666666666666,59.369791666666664,67.59270833333333,58.059583333333336,68.44791666666667,60.517291666666665,63.30916666666667,62.270833333333336,67.15270833333334,55.293958333333336,65.70208333333333,68.20333333333333,62.546458333333334,63.39479166666666,68.41020833333333,61.859375,56.940625000000004,69.57312499999999,63.340833333333336,62.24229166666667,48.824375,55.9675,61.58770833333333,66.63979166666667,62.14125000000001,63.74916666666667,58.516875,62.3775,66.159375,58.136875,63.61354166666666,64.49875,,,,,,,,,,,,,,,,,,,,,,,,,,,,,,,,,,
14.0,2020,1420.0,58.30083333333334,54.282916666666665,69.21583333333334,51.59375,62.09708333333333,51.14854166666667,62.66791666666666,54.595416666666665,60.041875,55.98979166666666,60.451458333333335,56.75583333333333,56.481875,62.84041666666667,58.17104166666667,58.223125,59.990833333333335,66.390625,63.72875,70.12458333333333,70.18604166666667,65.3375,69.65854166666666,60.10166666666667,66.7725,71.98291666666667,66.97416666666668,66.83354166666668,75.40583333333333,64.62625,62.115,68.780625,63.356458333333336,66.63583333333334,62.65571428571428,66.80607142857143,63.53928571428571,67.76071428571429,60.353571428571435,74.10392857142857,49.503571428571426,65.13892857142858,71.20964285714285,61.049642857142864,65.10642857142857,75.70464285714286,61.06892857142857,57.25571428571429,60.22428571428571,59.71785714285714,66.65142857142857,68.45785714285714,68.68892857142858,68.92964285714285,75.35821428571428,65.035,74.59107142857144,58.333571428571425,71.33642857142857,75.53714285714285,66.91071428571429,70.52785714285714,78.10285714285715,66.75714285714285,64.03428571428572,63.644642857142856,66.14821428571429,72.76785714285714
14.0,2021,1420.0,61.545625,58.405833333333334,67.55125,57.60541666666666,62.906458333333326,54.600208333333335,64.903125,58.89166666666667,57.748124999999995,59.52916666666667,62.12229166666666,61.793125,61.797083333333326,61.723958333333336,66.79270833333334,60.82895833333333,61.69979166666667,57.21333333333333,59.53125,69.03583333333333,64.65229166666667,52.537708333333335,60.43416666666667,48.69770833333333,61.48791666666667,62.41416666666667,57.736250000000005,56.49520833333333,64.65375,55.383541666666666,57.4275,52.27916666666667,56.99041666666667,58.078125,54.873333333333335,58.71333333333334,66.78708333333333,62.274166666666666,49.87437499999999,58.40479166666666,46.939166666666665,58.185624999999995,60.920208333333335,56.086666666666666,53.53333333333333,62.374583333333334,53.244791666666664,53.947916666666664,51.168125,54.83375,54.60833333333333,59.554375,60.350208333333335,71.28458333333333,67.02916666666667,55.201458333333335,62.46270833333333,50.45729166666666,64.78895833333333,63.909166666666664,59.388125,59.45645833333333,66.93229166666667,57.522083333333335,60.906458333333326,53.38979166666667,59.14729166666667,61.54770833333333
14.0,2022,1420.0,60.11395833333333,60.212291666666665,62.231249999999996,57.90645833333334,61.85041666666667,54.805625,62.291875000000005,58.848958333333336,54.72416666666667,58.57583333333333,60.39270833333333,59.90875,59.192499999999995,64.52125,59.17854166666667,58.998333333333335,65.09645833333333,59.40229166666666,57.01958333333334,59.265208333333334,53.76625000000001,62.453333333333326,60.540416666666665,56.53333333333333,60.02104166666667,64.33916666666666,58.975,59.534166666666664,59.56,57.504375,66.81895833333333,55.432291666666664,57.480625,65.41520833333333,58.1225,56.77770833333333,58.30979166666666,53.79145833333333,59.655,57.76666666666667,55.404374999999995,58.005625,62.712916666666665,57.316875,59.16375,58.30520833333333,57.23208333333333,63.392291666666665,54.28354166666667,55.98208333333333,64.21895833333333,60.681875,57.262708333333336,60.220625000000005,53.74333333333333,65.25270833333333,63.31270833333334,57.662083333333335,62.03791666666667,65.96458333333332,60.633541666666666,59.905833333333334,60.81583333333333,57.776875,70.24708333333334,56.581041666666664,58.98020833333334,66.61104166666667
14.0,2023,1420.0,60.75083333333333,64.390625,65.68833333333333,57.91291666666667,60.93145833333333,60.791875000000005,61.544999999999995,61.10958333333334,57.66729166666667,59.143541666666664,63.163333333333334,58.8225,60.09166666666667,66.61520833333333,59.083333333333336,60.488125,63.37833333333333,59.76770833333333,62.44916666666666,71.50145833333333,58.60958333333334,58.86895833333333,58.36604166666667,57.26145833333334,62.05791666666667,61.11083333333334,56.709375,63.916666666666664,58.862500000000004,59.13958333333333,65.07208333333334,56.47875,57.244375,65.00333333333333,57.581041666666664,62.28479166666667,69.96833333333333,56.02041666666667,56.435,56.31166666666667,56.06854166666667,58.75270833333334,59.36291666666667,54.58270833333333,61.18083333333333,57.0975,57.08354166666666,63.40979166666667,55.03333333333333,55.650416666666665,61.875416666666666,61.95458333333334,62.613125,73.035,61.19958333333333,61.30291666666667,60.420625,58.45291666666666,65.36458333333333,62.85874999999999,58.83583333333333,66.65354166666667,60.626666666666665,61.19541666666667,66.735,57.923125,58.838541666666664,68.131875
15.0,2018,1520.0,54.34791666666666,51.32208333333333,57.05020833333333,58.57749999999999,63.677708333333335,55.573125000000005,53.86375,54.12125,57.95041666666666,53.92520833333333,54.881458333333335,55.805499999999995,52.0465,57.66775,51.75750000000001,55.53075,56.71475,49.806875,44.31104166666666,62.83020833333333,53.79270833333334,64.27166666666666,47.126875000000005,49.331875,47.989583333333336,58.25104166666667,50.346666666666664,49.35104166666667,52.927499999999995,46.30475,56.625750000000004,48.18975,47.71225,57.79225,,,,,,,,,,,,,,,,,,,,,,,,,,,,,,,,,,
15.0,2019,1520.0,49.346875000000004,45.25270833333334,60.55916666666667,57.32541666666666,61.551874999999995,49.105625,45.28062499999999,53.24770833333333,47.18375,50.456250000000004,51.071666666666665,48.768125,49.06104166666666,60.59104166666666,45.73041666666666,52.08645833333333,61.565,46.65166666666667,41.76270833333333,66.0125,55.96645833333333,59.07583333333333,43.886875,40.95458333333333,44.07375,52.895833333333336,50.27520833333333,43.77166666666667,46.93354166666666,46.282916666666665,58.69854166666667,47.32666666666666,46.601875,59.74729166666666,,,,,,,,,,,,,,,,,,,,,,,,,,,,,,,,,,
15.0,2020,1520.0,47.55083333333334,44.704791666666665,56.06187499999999,46.41979166666667,54.274791666666665,50.38270833333333,41.895208333333336,48.16729166666667,53.28666666666667,49.06791666666667,49.22020833333334,45.63395833333333,48.62125,60.695,44.376666666666665,50.0575,61.901875,54.28,50.24270833333333,69.121875,58.97958333333333,58.63125,60.74583333333334,54.18375,55.080625,60.39520833333333,54.29020833333333,57.23833333333334,51.946041666666666,53.431666666666665,67.13854166666667,52.26895833333333,54.92083333333333,67.71062500000001,51.949642857142855,48.856785714285714,64.26392857142856,55.32535714285715,59.713928571428575,65.25892857142857,47.61964285714286,52.45178571428572,60.61892857142857,51.816071428571426,57.51892857142857,45.47107142857143,53.8975,67.56821428571429,48.917857142857144,54.43642857142857,65.29357142857143,54.87678571428571,52.51892857142857,67.32071428571429,58.269285714285715,60.50678571428572,65.86678571428571,50.707499999999996,54.527499999999996,64.30392857142857,54.61785714285714,60.29892857142857,48.40571428571428,56.28142857142858,68.49892857142858,50.903214285714284,58.590714285714284,66.625
15.0,2021,1520.0,52.63270833333333,49.96666666666667,48.27875,53.23166666666666,59.57041666666667,48.94541666666667,52.87583333333333,51.35541666666666,55.16104166666667,53.282916666666665,55.10583333333333,49.650416666666665,54.68291666666667,53.40354166666666,51.64124999999999,57.03,53.585625,56.93270833333333,50.57395833333334,57.20708333333334,61.56583333333333,66.58125,59.581875,52.24020833333333,57.25895833333333,60.98416666666666,57.74520833333333,61.12375,59.326458333333335,55.212916666666665,62.653124999999996,57.384791666666665,58.3175,65.47395833333333,55.07416666666666,49.20729166666666,56.224375,58.708958333333335,63.599583333333335,58.08416666666667,50.92416666666667,55.72604166666667,58.948125000000005,55.59625,59.87083333333334,56.62562500000001,53.168749999999996,61.89208333333334,55.03229166666667,56.713541666666664,63.09145833333334,58.791875000000005,51.94125,58.18812500000001,64.42208333333333,69.56166666666667,61.07895833333333,53.555625,58.793125,63.020625,59.893125,62.37729166666667,62.02791666666667,57.25604166666667,63.414791666666666,59.736875,59.92124999999999,67.85666666666667
15.0,2022,1520.0,54.09354166666666,52.678958333333334,53.794375,56.75395833333334,60.366875,54.643541666666664,54.74541666666667,50.67854166666667,59.59229166666666,52.76229166666667,55.78395833333334,51.60958333333334,56.123333333333335,59.11541666666667,54.00208333333333,53.714375,61.12958333333333,51.664375,47.99041666666667,55.387499999999996,57.076875,60.65562499999999,49.81354166666667,51.54791666666667,49.65020833333333,60.475208333333335,51.88270833333333,52.345625000000005,48.27916666666667,54.49458333333333,62.26125,49.562291666666674,54.25354166666667,60.56,49.85,46.46625,52.60708333333333,55.21875,56.56583333333333,48.63708333333333,49.63958333333333,47.74937500000001,59.42041666666666,49.586875,50.778124999999996,46.68687499999999,52.11416666666667,60.32875000000001,46.97416666666667,53.44541666666667,56.30708333333334,53.477916666666665,49.513125,58.1675,58.937291666666674,64.74625,50.98708333333334,53.456250000000004,51.552083333333336,61.53,54.17979166666667,53.91354166666667,49.87145833333333,56.87437499999999,64.19395833333333,52.15145833333333,55.06125,64.81333333333333
15.0,2023,1520.0,54.80416666666667,53.07125,58.9675,56.070625,64.49541666666667,57.32958333333334,56.46937500000001,53.62229166666666,60.866875,52.911875,58.645,52.76708333333334,55.50270833333334,64.96270833333334,49.99166666666667,56.44,66.81875000000001,54.12895833333334,52.03333333333333,63.86041666666667,55.45083333333333,61.76958333333334,48.318125,53.38270833333333,53.775416666666665,59.88125,51.190416666666664,58.52708333333334,53.25125,54.484791666666666,63.949999999999996,52.43958333333333,54.01541666666666,64.46729166666667,53.41625,51.15708333333333,65.73625,54.620000000000005,61.45229166666667,47.98500000000001,52.49791666666667,53.701458333333335,58.454375,50.26833333333334,57.53583333333333,53.049791666666664,53.169375,64.63729166666667,53.15645833333334,52.13333333333333,64.024375,54.84166666666667,52.911458333333336,61.983125,56.28208333333333,62.085,48.65208333333334,54.26791666666667,53.850625,61.309583333333336,52.113125,59.518750000000004,53.45166666666666,55.79958333333334,63.263125,51.72145833333334,55.89895833333333,64.91104166666666
16.0,2018,1627.5,70.5285,64.01950000000001,69.79516666666667,72.21866666666666,71.77666666666667,60.26566666666667,68.08016666666667,72.127,69.13216666666668,69.48433333333334,72.18816666666666,66.9084,72.0324,72.205,68.4032,69.56020000000001,75.3016,70.28016666666667,58.046166666666664,67.23716666666667,72.46566666666666,72.194,63.75566666666667,64.16266666666667,71.72416666666666,71.27416666666666,72.80233333333334,67.96233333333333,69.7488,70.1506,73.6128,70.3244,69.255,74.19760000000001,,,,,,,,,,,,,,,,,,,,,,,,,,,,,,,,,,
16.0,2019,1627.5,70.26716666666667,62.20516666666666,63.348333333333336,69.319,69.37033333333333,63.8425,74.57866666666668,69.00099999999999,68.902,69.72083333333333,71.0395,71.62516666666667,68.4405,71.9645,73.3245,67.1995,75.61,74.63216666666668,64.82333333333334,67.88166666666667,74.20666666666666,75.75883333333333,52.419999999999995,70.3015,71.20866666666667,77.59116666666667,74.7915,75.69866666666667,76.32916666666667,74.1625,75.45133333333334,74.62916666666666,74.65916666666666,77.8375,,,,,,,,,,,,,,,,,,,,,,,,,,,,,,,,,,
16.0,2020,1627.5,66.67116666666666,57.8405,67.85549999999999,65.98983333333334,68.28133333333334,57.478500000000004,64.29333333333334,64.19116666666666,68.36983333333333,66.78266666666667,67.12883333333333,65.4885,67.0425,69.31466666666667,66.43783333333333,66.57,69.34716666666667,79.79733333333334,72.163,75.47800000000001,80.30116666666666,80.53083333333333,79.40383333333332,71.32633333333334,79.7765,80.93083333333334,79.18383333333333,82.34466666666667,79.01716666666667,81.17166666666667,79.91916666666665,77.21316666666667,80.14416666666666,83.7465,80.29171428571429,76.18628571428572,73.6,80.95571428571428,81.03714285714287,84.38085714285714,75.25942857142857,80.44228571428572,80.75285714285714,79.37542857142857,82.14857142857143,78.68457142857143,81.88285714285715,80.35171428571428,78.07314285714286,80.67914285714285,83.28828571428572,83.67028571428571,78.33,78.22657142857142,84.18942857142858,84.49428571428572,86.95942857142857,78.57028571428572,84.56457142857144,84.28057142857143,82.50114285714285,86.20542857142857,81.29457142857143,85.07657142857143,84.76914285714285,80.10828571428571,84.06228571428571,87.26028571428571
16.0,2021,1627.5,63.5705,49.521166666666666,63.979,62.42816666666667,65.38583333333334,52.8355,64.3605,61.884,64.91883333333334,65.258,61.53666666666666,63.51166666666666,64.04299999999999,62.156,60.305166666666665,64.94233333333334,63.594,77.57066666666667,75.494,79.76516666666666,78.04033333333334,78.48016666666668,73.76233333333333,72.43566666666668,77.8225,79.91066666666667,77.7055,78.31833333333334,76.23083333333334,78.47433333333333,77.68333333333334,71.693,78.10916666666667,81.284,75.882,74.59383333333334,78.59266666666667,76.43683333333334,76.59933333333333,72.32233333333333,70.71483333333335,75.907,78.35316666666667,76.05300000000001,76.64983333333333,74.60566666666666,76.83316666666666,75.782,70.50433333333334,76.1495,79.8545,79.25966666666666,76.39416666666666,80.93766666666667,79.64416666666666,80.36200000000001,75.20166666666667,74.157,79.73916666666668,81.46733333333333,79.35816666666666,79.98733333333332,77.85516666666668,80.11616666666667,79.58449999999999,72.88066666666667,80.06966666666668,82.713
16.0,2022,1627.5,64.55083333333333,58.343833333333336,64.06099999999999,64.718,64.82566666666666,53.83183333333333,64.14,65.88166666666667,65.67266666666667,65.78866666666667,62.965333333333334,62.523,63.92716666666667,68.54583333333333,62.05116666666667,64.86866666666667,66.33066666666667,69.33666666666666,59.379000000000005,66.01483333333333,66.796,71.17383333333333,63.95216666666667,62.4125,70.25333333333333,76.71433333333333,69.10533333333333,69.61149999999999,64.84216666666667,70.21466666666667,72.8285,60.45066666666666,69.7645,77.32549999999999,67.672,57.03616666666667,65.4205,65.933,69.26283333333335,61.68516666666667,60.564166666666665,68.56016666666666,74.68983333333334,67.76883333333333,67.42083333333333,63.46566666666667,68.74499999999999,70.69483333333332,60.45633333333333,67.66283333333334,75.60366666666667,71.00183333333332,61.722166666666666,66.6095,67.65916666666666,73.08633333333334,66.2165,64.26016666666666,71.94733333333333,78.73833333333333,70.44250000000001,71.80083333333333,66.2185,71.68416666666667,74.963,60.445166666666665,71.86633333333333,79.04533333333333
16.0,2023,1627.5,67.63983333333333,60.07533333333333,65.19333333333333,68.04133333333333,69.85916666666667,58.887166666666666,69.08200000000001,67.522,66.185,68.057,66.94433333333333,67.057,66.628,71.6725,66.7565,65.49216666666668,72.69066666666667,71.2085,62.81316666666667,71.627,69.86200000000001,74.5165,55.14033333333334,67.92016666666667,71.11066666666667,75.84066666666668,71.07566666666666,71.41633333333334,69.23766666666667,70.6695,75.63916666666667,67.04533333333333,70.44250000000001,75.037,69.73316666666666,62.376999999999995,70.20066666666666,68.20966666666666,72.94716666666666,54.1175,66.608,69.43816666666666,74.821,69.3015,70.17333333333333,68.54783333333333,68.79466666666667,73.91633333333333,66.3775,68.69983333333333,72.59733333333334,72.684,63.24916666666666,73.0525,71.51433333333333,76.0855,56.16433333333334,69.23116666666667,72.78266666666667,76.85966666666667,72.84933333333333,72.66016666666665,69.9255,72.54433333333333,77.3625,67.71266666666666,72.18466666666667,77.47749999999999
17.0,2018,1720.0,67.67541666666666,64.65479166666667,68.03166666666667,66.91770833333332,70.10520833333334,61.355,65.55437500000001,67.37291666666667,69.14333333333333,66.124375,69.78104166666667,61.2285,70.74475,67.9105,64.52799999999999,68.14525,71.41575,63.4675,57.35145833333333,68.57458333333334,60.744375,66.31125,56.165416666666665,58.78791666666667,64.25041666666667,67.54333333333334,61.96208333333333,64.031875,61.81725,65.48949999999999,65.48474999999999,62.077999999999996,63.334,70.00675,,,,,,,,,,,,,,,,,,,,,,,,,,,,,,,,,,
17.0,2019,1720.0,66.44583333333334,57.196875,58.522083333333335,65.72854166666666,69.00604166666666,57.1225,67.63520833333332,66.73895833333333,66.77875,66.68166666666666,66.67708333333333,63.61875,67.11125,68.57395833333334,64.78708333333334,66.98041666666667,68.51125,67.56020833333334,61.428958333333334,69.77166666666666,66.73708333333333,69.45270833333333,51.6975,63.87958333333333,64.33125,74.16041666666666,67.14208333333333,68.87416666666667,64.86166666666666,68.81291666666667,69.3975,62.82145833333333,68.68541666666667,73.38291666666667,,,,,,,,,,,,,,,,,,,,,,,,,,,,,,,,,,
17.0,2020,1720.0,62.74791666666667,51.403333333333336,71.644375,62.00833333333333,64.69020833333333,53.97229166666667,62.119375,64.171875,62.955000000000005,63.32020833333333,63.737291666666664,57.41083333333333,63.99166666666667,63.92416666666667,59.71520833333333,66.29916666666666,59.01083333333333,71.569375,65.87375,74.84916666666668,70.30229166666668,71.60395833333332,74.83354166666668,65.66395833333333,70.70916666666666,76.08645833333334,71.67229166666667,72.045625,74.95625,71.27354166666667,74.37645833333333,66.30833333333334,73.12,72.04645833333333,68.21392857142857,63.152142857142856,69.89357142857143,67.05642857142857,67.77107142857143,78.46071428571429,55.93178571428571,70.95785714285714,74.8442857142857,69.53821428571429,67.89285714285714,72.32535714285714,67.19714285714285,71.32214285714285,60.597142857142856,70.38178571428571,71.20642857142857,72.32892857142858,67.56464285714286,73.60249999999999,69.96857142857142,72.2642857142857,78.93964285714286,62.29857142857143,73.82857142857142,78.08214285714287,71.24035714285715,74.08928571428571,79.82071428571429,71.00214285714286,74.61928571428572,63.49892857142857,74.2667857142857,75.5475
17.0,2021,1720.0,61.859375,49.321875,64.48125,60.55854166666666,63.916041666666665,57.91770833333334,67.99541666666667,58.30354166666667,62.309374999999996,63.23,60.58166666666667,56.737500000000004,61.7275,63.709375,64.14520833333333,60.701249999999995,64.53833333333334,64.50854166666666,65.97729166666666,67.11895833333334,65.67395833333333,63.060624999999995,68.53770833333333,51.85916666666666,62.95229166666667,74.01770833333333,66.89812500000001,62.11270833333333,71.15458333333333,64.89708333333333,63.470625000000005,62.97291666666666,63.53125,66.6725,61.862291666666664,64.69645833333333,65.249375,62.52875,60.53020833333333,67.77166666666666,49.24541666666667,60.20249999999999,71.94895833333334,64.56583333333333,59.58958333333334,67.17625,62.835,60.275416666666665,60.084583333333335,60.9675,63.975,67.15666666666667,67.256875,68.98729166666666,68.819375,65.59145833333334,69.30437500000001,54.47125,65.7,76.08729166666667,69.22958333333334,64.63625,75.13250000000001,66.95895833333334,66.66458333333334,65.86145833333333,66.09541666666667,69.37041666666666
17.0,2022,1720.0,62.762499999999996,59.42208333333334,62.509166666666665,61.713541666666664,62.85916666666666,56.89729166666667,62.85,64.088125,61.378125000000004,63.71041666666667,61.19020833333334,65.03604166666666,61.203333333333326,63.703125,60.676874999999995,61.93479166666666,68.71895833333333,63.073125000000005,58.47020833333334,64.14354166666666,60.387708333333336,64.89541666666666,59.88958333333333,57.36416666666667,63.826249999999995,72.48104166666667,61.61270833333333,64.46895833333333,62.91708333333333,62.19208333333333,65.78354166666666,60.92541666666667,62.744791666666664,66.10979166666667,61.92958333333333,60.22145833333334,65.36395833333333,59.02875,62.678333333333335,57.27104166666666,56.921458333333334,62.886875,69.94645833333333,60.736250000000005,63.161875,62.84270833333333,60.937916666666666,64.489375,59.38999999999999,61.788125,64.73854166666666,64.21708333333333,56.71812500000001,62.92270833333333,61.74625,67.11291666666666,62.51020833333333,57.80583333333333,64.76479166666667,75.016875,62.48979166666666,65.774375,62.99125,63.446875,67.07875,62.46,63.703333333333326,67.47958333333334
17.0,2023,1720.0,63.80520833333333,68.25083333333333,69.07375,60.437083333333334,64.66354166666666,62.416875000000005,65.93875,63.015625,61.83604166666667,64.815,63.22125,61.82,64.46833333333333,68.20083333333334,60.69375,63.990625,68.68375,64.95145833333333,66.42020833333333,70.88958333333333,60.778124999999996,66.81333333333333,58.60666666666666,63.026875,64.48895833333333,71.61875,64.71104166666667,65.31479166666666,64.15333333333334,64.96541666666667,69.54854166666667,59.1675,66.61833333333333,67.70125,63.696875,67.04270833333334,68.47645833333333,60.344166666666666,64.944375,56.72645833333333,62.53062499999999,62.350833333333334,69.410625,63.21479166666666,64.50625000000001,65.03833333333334,63.115833333333335,67.3275,60.126666666666665,64.61708333333333,65.346875,66.20583333333333,65.79708333333333,73.305625,61.210208333333334,68.681875,60.48833333333334,63.522708333333334,66.62791666666666,73.825625,66.206875,66.12458333333333,63.26895833333333,66.81520833333333,71.76958333333333,58.20770833333333,68.62125,70.05520833333334
18.0,2018,1820.0,70.3625,63.958333333333336,68.35958333333333,67.11104166666667,72.026875,63.065625000000004,70.40645833333333,68.22104166666666,69.85229166666666,69.03979166666666,71.550625,62.778,71.20175,71.50425,65.14500000000001,70.454,72.28875000000001,68.27791666666667,57.54624999999999,67.19,67.72333333333334,70.55875,58.223125,64.10604166666667,66.97708333333334,71.70729166666666,67.561875,69.16583333333334,60.8875,68.84700000000001,68.70275000000001,62.5745,67.47175,71.54525,,,,,,,,,,,,,,,,,,,,,,,,,,,,,,,,,,
18.0,2019,1820.0,66.52791666666667,67.9525,63.31791666666666,65.68458333333334,67.32520833333334,61.56791666666666,68.50666666666667,62.5625,67.836875,63.18020833333333,69.63791666666667,64.339375,65.175625,68.8625,69.814375,65.63270833333333,65.37291666666667,73.48895833333334,65.86833333333333,72.21645833333334,75.09458333333333,74.37875,59.61895833333333,70.33291666666666,70.39,77.46020833333334,74.905625,73.70604166666666,73.10395833333332,71.72979166666667,78.10229166666666,75.01208333333334,74.45395833333333,72.42354166666667,,,,,,,,,,,,,,,,,,,,,,,,,,,,,,,,,,
18.0,2020,1820.0,58.430625,58.30583333333333,59.39145833333333,50.02375,59.588125,48.72625,56.47229166666667,54.06104166666666,59.09604166666667,57.74270833333333,59.11875,55.26416666666666,58.50062499999999,60.66416666666667,63.21125,59.50270833333334,57.52645833333333,75.71854166666667,74.90791666666667,73.97541666666667,70.61416666666666,77.74729166666667,64.23270833333333,66.96729166666667,75.29333333333334,79.97229166666666,76.51520833333333,77.60166666666667,69.533125,76.46,78.74125,68.00520833333333,79.57958333333333,76.153125,73.16428571428571,72.60821428571428,70.60357142857143,70.89285714285714,75.23857142857142,75.3325,62.88321428571429,73.83535714285713,78.40392857142857,72.65785714285714,76.52464285714287,63.857142857142854,73.81428571428572,77.08285714285715,61.99285714285714,76.26535714285714,75.26714285714286,77.41428571428571,75.78214285714286,74.48035714285713,72.42285714285714,79.80785714285715,82.27285714285713,65.88035714285715,77.63357142857141,82.80821428571429,77.01928571428572,80.69428571428571,69.48035714285714,77.78392857142856,81.85571428571428,66.10214285714287,81.47678571428571,79.87928571428571
18.0,2021,1820.0,52.81,50.74541666666667,53.071875,39.547291666666666,55.668958333333336,45.74770833333333,53.723125,47.70916666666667,52.815,55.3525,48.38999999999999,55.90083333333333,51.93208333333333,53.15770833333334,54.525625,59.299791666666664,47.185,70.52458333333333,70.46166666666666,71.48229166666667,74.85354166666666,70.81833333333334,66.77645833333334,60.846875000000004,74.279375,76.95354166666667,71.30916666666667,72.32208333333334,69.580625,70.61229166666666,72.16250000000001,62.536875,70.60041666666667,73.52104166666668,67.61916666666666,68.47333333333334,67.97083333333333,72.844375,67.60791666666667,65.470625,58.03395833333334,71.27145833333334,74.12645833333333,68.823125,68.83375,66.94291666666668,67.77520833333334,69.308125,60.259791666666665,68.5725,69.956875,73.42979166666667,72.45,74.99541666666667,76.86354166666666,74.02833333333334,68.08333333333333,63.657916666666665,77.28708333333334,79.78083333333333,73.79375,75.81,72.219375,73.44833333333334,75.015625,64.815625,72.62833333333333,77.08458333333333
18.0,2022,1820.0,62.08354166666667,67.19270833333333,62.19520833333333,57.87875,61.180625,61.42083333333333,63.31,62.600833333333334,59.705000000000005,63.78479166666667,61.02729166666666,61.585625,62.02354166666667,61.59375,65.15666666666667,64.213125,59.69958333333333,65.96479166666667,61.59583333333333,64.654375,66.74833333333333,67.25812499999999,59.653333333333336,62.69479166666667,67.84916666666666,71.41270833333333,65.26979166666666,65.3875,63.448125000000005,63.18395833333333,70.99583333333334,63.103125,66.359375,66.59625,63.57541666666666,60.576458333333335,60.49854166666666,63.17979166666667,65.28604166666666,57.809583333333336,59.98500000000001,66.10354166666666,69.27354166666667,63.24,62.33020833333333,62.47020833333334,60.266041666666666,68.32958333333333,61.375416666666666,63.69229166666667,64.71270833333334,68.35458333333334,62.61395833333333,68.81208333333333,70.318125,69.23104166666667,61.4975,65.40354166666667,69.59583333333333,73.55187500000001,67.29979166666666,68.44479166666666,64.42583333333333,66.10312499999999,73.66270833333333,64.82958333333333,69.026875,68.47979166666667
18.0,2023,1820.0,64.555625,62.50229166666667,66.37354166666667,61.7425,64.32604166666667,68.53854166666666,64.56,70.453125,59.58416666666667,63.475833333333334,65.92999999999999,61.70875,64.36208333333333,66.40229166666667,64.338125,64.36458333333333,63.82145833333333,67.94333333333334,59.081041666666664,70.06229166666667,59.50020833333334,70.88916666666667,56.700625,62.993541666666665,70.585,74.875,66.024375,68.67833333333333,61.857708333333335,67.35666666666667,69.57541666666667,62.07083333333333,67.11895833333334,70.57041666666667,66.01833333333333,58.17291666666667,66.66437499999999,58.645624999999995,68.68833333333333,55.16583333333333,61.4625,68.53208333333333,72.44375000000001,64.12916666666666,67.46104166666667,62.03479166666667,65.394375,66.93333333333334,61.837291666666665,65.07791666666667,68.246875,69.868125,59.98895833333333,73.46229166666667,60.354375000000005,73.090625,58.23583333333334,64.525625,72.63708333333334,77.30708333333334,67.91958333333334,69.89625,61.681041666666665,69.31958333333334,72.21833333333333,62.303958333333334,69.16145833333333,72.89291666666666
19.0,2018,1920.0,70.16479166666666,64.24,69.081875,67.98770833333333,71.18875,67.12145833333334,72.78166666666667,68.85208333333334,66.80437500000001,68.54541666666667,70.76208333333334,64.62325,69.42975,73.038,66.5035,71.12899999999999,71.184,66.66708333333334,58.551874999999995,66.14979166666667,65.17875,68.324375,60.865625,64.11375,66.07854166666667,70.02,66.325,66.431875,64.3485,67.175,69.18125,61.883,68.8245,68.20649999999999,,,,,,,,,,,,,,,,,,,,,,,,,,,,,,,,,,
19.0,2019,1920.0,68.07791666666667,66.85666666666667,64.63833333333334,64.53354166666666,68.33562500000001,60.12041666666667,72.095625,66.96479166666667,66.26979166666666,67.35312499999999,68.51833333333333,58.625416666666666,67.41104166666666,70.809375,63.26125,70.42979166666667,69.818125,69.54458333333334,62.416666666666664,68.55583333333333,63.08604166666667,71.55791666666667,58.06666666666666,68.36083333333333,67.42708333333333,72.48479166666667,68.78270833333333,70.29333333333334,67.69854166666667,68.87354166666667,71.30729166666667,65.41416666666667,71.43791666666667,72.19729166666666,,,,,,,,,,,,,,,,,,,,,,,,,,,,,,,,,,
19.0,2020,1920.0,63.986875,58.20458333333334,56.32375,59.779583333333335,65.44458333333334,51.912083333333335,67.410625,62.79458333333333,61.966874999999995,66.77354166666667,61.31145833333333,61.661458333333336,63.09229166666666,66.24708333333334,57.120625,67.75291666666666,62.5525,70.44,74.74416666666667,71.86625,66.95958333333333,71.69333333333334,62.115625,62.64166666666667,71.25875,74.67145833333333,71.54770833333333,70.48333333333333,69.47520833333333,70.90541666666667,71.85833333333333,66.52395833333334,71.46291666666666,73.34666666666666,67.33178571428572,75.04892857142856,67.56321428571428,65.64357142857143,68.05321428571429,70.53928571428571,55.60857142857143,68.86928571428571,75.68642857142856,68.29964285714286,68.67999999999999,69.84035714285714,68.15535714285714,67.61214285714286,65.5875,67.41785714285714,69.73642857142856,71.81642857142857,75.94214285714285,70.81571428571428,69.35821428571428,73.215,76.87535714285714,60.849642857142854,73.98678571428572,78.27892857142857,73.00607142857143,72.35357142857143,74.3092857142857,72.48642857142856,71.9875,68.49214285714285,70.85035714285713,75.63571428571429
19.0,2021,1920.0,62.699999999999996,59.81729166666667,56.84104166666666,64.27229166666667,62.558125,51.02645833333333,69.87166666666667,60.18687500000001,58.43333333333334,62.6675,61.84625,62.27166666666667,60.939166666666665,63.843333333333334,63.115208333333335,63.802083333333336,60.79145833333333,63.161458333333336,72.986875,62.74125,71.85270833333333,61.710625,66.44687499999999,50.698125000000005,66.99395833333334,71.26895833333333,64.361875,63.213750000000005,68.25395833333333,64.13604166666667,64.0175,63.22416666666667,60.890208333333334,67.38354166666666,61.190416666666664,71.5825,59.94854166666667,69.90270833333334,59.68270833333333,64.463125,48.34479166666667,64.50791666666667,70.024375,62.495000000000005,61.258125,67.73458333333333,62.55854166666666,61.16604166666667,62.07354166666667,59.13270833333333,64.69270833333333,65.13333333333334,74.39020833333333,65.53375,73.801875,63.73666666666667,68.43124999999999,53.05291666666667,69.48145833333334,72.51291666666667,66.22854166666666,65.16708333333334,68.77416666666666,65.713125,66.86833333333333,64.375625,62.64791666666667,70.07479166666667
19.0,2022,1920.0,61.28333333333333,64.25,61.053958333333334,59.15375,60.81708333333333,60.631458333333335,64.72229166666666,60.46979166666667,52.970625000000005,63.10854166666667,59.7925,60.37895833333334,61.38166666666667,61.945625,57.49583333333334,63.57395833333333,61.11395833333333,62.618125,58.33604166666667,65.86791666666666,61.255625,63.15229166666666,62.196875,58.104375,64.361875,69.51895833333333,62.800625,61.94479166666667,62.127916666666664,61.540625,64.47729166666666,59.86208333333334,61.07958333333334,67.56479166666666,61.001875000000005,57.103541666666665,64.935,61.13791666666666,60.90479166666666,57.39875,56.974583333333335,62.17666666666667,67.515,61.94,59.77125,61.505208333333336,59.481458333333336,63.456250000000004,59.490833333333335,59.00895833333333,66.091875,64.23395833333333,59.56708333333333,66.799375,61.373124999999995,65.400625,66.99395833333334,59.233125,66.54604166666667,71.52270833333334,63.6625,64.11729166666667,62.75104166666667,63.59854166666667,65.49916666666667,60.23291666666666,63.149166666666666,69.03895833333333
19.0,2023,1920.0,63.464375,66.92166666666667,48.29958333333334,64.69229166666666,64.29354166666667,67.04104166666666,67.35833333333333,61.51125,56.670208333333335,64.26541666666667,62.80416666666667,63.57875000000001,63.79770833333333,62.69520833333333,63.98520833333333,63.81229166666666,62.428125,64.11916666666666,64.17375,49.260625,64.28020833333333,65.90541666666667,56.83541666666667,63.623124999999995,61.63916666666666,67.336875,64.20791666666666,63.908125000000005,63.826249999999995,64.59833333333333,62.817499999999995,65.14041666666667,63.159375000000004,65.08729166666667,62.079375,65.653125,47.56333333333333,62.053958333333334,63.678125,53.69229166666667,61.853125,59.09437500000001,65.03479166666666,62.32020833333333,61.800000000000004,62.901875,62.586875,60.42666666666667,64.37916666666666,61.07958333333334,62.14479166666666,66.15875,62.69520833333333,50.95916666666667,66.50708333333334,68.13270833333333,59.977916666666665,65.39541666666666,64.18291666666667,69.64041666666667,66.09770833333333,66.018125,64.75020833333333,66.61104166666667,65.20854166666668,65.90270833333334,65.2375,68.030625
20.0,2018,2020.0,68.9425,65.98166666666667,69.969375,69.96770833333333,70.21062500000001,63.3125,68.82333333333334,68.50916666666667,69.70395833333333,67.95708333333333,69.75458333333333,64.79075,68.9315,70.58975000000001,68.8185,68.32300000000001,68.706,64.91104166666666,57.44354166666667,66.30270833333334,67.42958333333333,65.954375,59.18729166666666,63.97416666666667,64.10520833333334,66.38416666666667,63.956875,65.43145833333334,65.3545,64.89125,65.93275,65.88050000000001,63.549249999999994,64.457,,,,,,,,,,,,,,,,,,,,,,,,,,,,,,,,,,
20.0,2019,2020.0,68.435,66.056875,63.95520833333333,66.57104166666666,70.16270833333333,60.62437499999999,68.29729166666667,68.80229166666668,68.376875,68.92604166666666,68.35270833333333,62.16791666666666,68.15583333333333,73.79062499999999,67.79166666666667,67.88520833333334,74.06729166666666,67.92,61.990833333333335,65.10291666666667,66.57375,70.55208333333333,57.601875,59.613125,68.25770833333333,70.63916666666667,68.84354166666667,68.14895833333334,66.87770833333333,67.95875,72.13291666666667,68.81604166666666,66.91541666666667,72.95020833333334,,,,,,,,,,,,,,,,,,,,,,,,,,,,,,,,,,
20.0,2020,2020.0,66.93145833333334,60.51833333333334,60.462916666666665,69.18875,67.38041666666668,54.16354166666667,71.474375,66.379375,66.16979166666667,65.67104166666667,68.46,58.22104166666667,67.681875,70.52979166666667,65.34666666666666,68.91645833333334,69.17270833333333,68.35479166666667,68.53833333333334,72.65645833333333,74.469375,67.96604166666667,59.45520833333333,52.336875,70.59041666666667,73.28270833333333,70.10791666666667,67.81729166666666,71.22458333333334,67.70166666666667,71.060625,68.61916666666666,68.685625,69.78583333333334,64.20535714285714,69.42999999999999,69.18821428571428,71.91142857142857,63.0875,67.03892857142857,41.0225,67.30821428571429,72.65214285714286,66.13714285714285,63.729642857142856,70.84464285714286,62.902499999999996,66.41857142857143,64.81035714285714,64.27428571428571,65.50464285714285,68.73571428571428,70.94,72.67535714285715,77.46214285714287,66.94464285714285,76.27928571428572,47.53178571428571,72.61607142857143,75.63357142857141,69.3425,69.32357142857143,75.86321428571429,67.53785714285713,69.65464285714286,71.2,68.3475,70.11178571428572
20.0,2021,2020.0,64.935625,57.50958333333333,54.94479166666667,63.235625,67.81354166666667,51.012499999999996,67.698125,63.319375,64.60979166666667,65.59041666666667,65.87,58.93208333333333,64.64104166666667,70.810625,64.72791666666667,65.06145833333333,67.52229166666667,60.716874999999995,64.920625,61.543749999999996,63.59916666666666,61.768750000000004,60.28479166666667,44.365833333333335,60.111041666666665,69.34,60.37437500000001,62.370416666666664,64.69520833333333,61.084583333333335,61.734166666666674,61.97833333333333,61.098958333333336,62.68333333333334,58.005833333333335,62.36166666666667,59.18208333333333,61.454375,59.2425,57.31020833333333,41.56375,56.790416666666665,67.198125,57.7775,59.41958333333333,60.63395833333333,58.721666666666664,58.97229166666667,59.42854166666667,58.526875,60.09958333333333,63.431041666666665,67.47895833333332,63.907916666666665,65.74416666666666,64.29645833333333,63.259166666666665,47.1675,63.4325,71.481875,62.971666666666664,65.32083333333334,68.755625,63.44770833333333,64.49416666666666,64.52895833333334,63.671458333333334,65.26854166666666
20.0,2022,2020.0,61.099583333333335,58.2525,57.34854166666667,56.91645833333333,64.12770833333333,55.34708333333333,62.79125,65.59666666666666,55.39666666666667,59.86000000000001,61.9375,56.633125,61.88979166666667,61.14791666666667,55.55895833333333,62.460625,64.630625,59.550625,55.071875,57.79208333333333,56.64145833333333,63.19208333333333,54.58916666666667,53.55229166666667,62.189166666666665,66.54458333333334,57.74520833333333,60.20583333333334,56.21208333333333,59.43979166666667,60.61541666666667,55.10541666666666,58.69875,65.23083333333334,57.77166666666667,54.26708333333334,57.755208333333336,55.384166666666665,60.71333333333334,50.734375,52.41520833333333,59.63333333333333,65.168125,56.75375,57.53375,55.06979166666667,57.47541666666667,58.42604166666666,54.195,56.45458333333334,63.794999999999995,61.331041666666664,55.87583333333333,57.83020833333333,57.8975,65.67208333333333,58.44520833333333,54.689375000000005,64.74479166666667,67.92166666666667,58.73645833333333,62.87770833333334,57.35479166666667,61.40270833333333,62.806041666666665,56.01479166666667,60.941875,66.666875
20.0,2023,2020.0,64.27583333333332,61.15020833333333,65.316875,65.1975,63.87083333333334,66.83270833333334,66.96124999999999,62.76958333333334,62.257083333333334,63.75604166666667,65.301875,62.1575,64.895625,65.56875000000001,61.531041666666674,65.50729166666666,66.08875,63.06104166666666,61.266041666666666,67.19541666666667,64.55041666666666,63.491458333333334,53.57458333333333,58.15520833333333,63.64333333333334,69.90958333333333,61.660833333333336,63.94291666666667,65.29416666666667,62.74666666666667,61.404583333333335,63.57375,60.78062499999999,64.83541666666666,60.721666666666664,59.39520833333333,65.57541666666667,62.74604166666666,60.78020833333333,52.09833333333333,55.57125,61.556041666666665,67.154375,59.18729166666666,61.399791666666665,64.823125,59.848958333333336,59.911875,61.045625,58.244791666666664,62.882083333333334,65.40125,63.137708333333336,68.815,66.35604166666667,66.203125,55.05291666666667,60.74041666666667,65.73104166666667,72.665,64.13375,66.48708333333333,65.76416666666667,65.64416666666666,62.896875,66.10291666666667,63.31666666666666,66.78895833333333
22.0,2018,2220.0,63.025,59.51458333333333,58.62708333333333,60.87854166666667,70.39791666666666,60.57875000000001,64.98958333333333,61.381875,65.72895833333332,61.75791666666667,64.33874999999999,62.40525,62.46124999999999,68.503,55.676,66.04425,67.7735,59.445,53.620625,59.80166666666667,56.423125,71.69125,56.89958333333333,58.03916666666667,55.81187499999999,64.85958333333333,60.203125,60.52895833333333,60.8975,59.86125,59.885000000000005,50.269999999999996,62.52,62.89825,,,,,,,,,,,,,,,,,,,,,,,,,,,,,,,,,,
22.0,2019,2220.0,62.45520833333333,59.33375,61.45854166666667,60.83041666666667,74.124375,49.02854166666666,57.08479166666667,58.784375000000004,66.44833333333334,60.505,66.46104166666667,61.887708333333336,61.62708333333333,72.42833333333333,55.76,64.24458333333334,69.69291666666668,63.179375,55.680625,67.52854166666667,61.284166666666664,84.544375,43.4675,49.5025,60.74895833333333,69.40104166666667,62.20229166666667,66.05020833333333,65.24208333333333,61.97270833333334,75.85895833333333,52.5025,65.41145833333333,76.70916666666666,,,,,,,,,,,,,,,,,,,,,,,,,,,,,,,,,,
22.0,2020,2220.0,59.057291666666664,52.5375,55.45229166666667,65.66208333333333,63.80770833333333,58.75479166666667,52.24125,61.04125,59.22145833333334,59.29583333333333,59.703541666666666,61.318333333333335,59.245416666666664,61.15541666666667,64.83437500000001,58.07729166666667,62.714375,69.09729166666666,57.41833333333333,71.13395833333334,80.52291666666666,83.54958333333333,64.003125,65.17291666666667,71.24145833333334,70.44145833333333,69.51020833333334,71.89458333333333,73.26145833333334,68.655,73.66250000000001,62.990625,71.550625,77.33145833333333,69.07464285714285,57.566071428571426,71.81428571428572,79.95607142857143,82.9075,76.10464285714285,65.00107142857142,67.69392857142857,72.59285714285714,70.60571428571428,73.36964285714285,71.0932142857143,68.00357142857142,75.37714285714286,58.549642857142864,71.12892857142857,77.63464285714285,70.83964285714286,58.31892857142857,72.86928571428571,82.97035714285714,85.35928571428572,77.70678571428572,67.96535714285714,71.68571428571428,73.10285714285715,71.85785714285714,75.10535714285713,73.58928571428571,70.58392857142857,75.68785714285715,59.32107142857143,73.70607142857143,79.235
22.0,2021,2220.0,55.88625,50.8425,51.53666666666666,60.535,64.23229166666667,50.33208333333334,50.97,51.81312500000001,60.496874999999996,57.00625,56.46791666666667,54.694375,55.76958333333334,60.89791666666667,54.59916666666667,56.580625,61.12437499999999,67.58333333333333,55.73333333333333,67.410625,71.943125,83.314375,71.764375,64.44208333333334,66.99291666666666,73.33916666666666,68.29666666666667,70.901875,67.84020833333334,66.698125,78.87979166666666,61.50145833333334,66.72833333333334,80.23291666666667,66.484375,53.81041666666667,67.30375,71.26166666666667,82.63895833333333,71.45333333333333,64.20916666666666,64.98625,72.40020833333334,67.59833333333333,70.14916666666666,66.951875,65.23666666666666,78.4325,60.565416666666664,65.22,79.50729166666666,68.68291666666667,57.65541666666667,67.515625,72.62479166666667,83.99104166666667,72.075,64.67708333333333,69.0,74.278125,68.99645833333334,71.65520833333333,68.72979166666667,68.15875,79.32708333333333,62.43625,68.23541666666667,80.956875
22.0,2022,2220.0,57.78791666666667,55.142500000000005,66.395625,58.07,64.95791666666666,55.573541666666664,57.556875,57.211875,58.754999999999995,58.26541666666666,55.967083333333335,58.415,56.415416666666665,65.60479166666666,55.64625,58.611875,63.048125,59.87291666666667,51.97625,56.736875,58.66104166666667,74.869375,58.45666666666667,54.740625,60.27791666666667,67.46104166666667,59.0625,58.19916666666666,54.81875,59.66083333333333,69.2275,54.46625,58.26708333333334,73.71520833333334,58.77854166666666,50.67124999999999,55.154583333333335,57.95708333333334,74.60770833333333,57.54208333333333,53.80854166666666,59.83541666666667,65.57000000000001,57.642291666666665,57.49229166666667,54.80416666666667,58.074999999999996,67.96020833333334,54.34229166666666,56.393125,73.86291666666666,60.96520833333333,53.28062499999999,58.31854166666667,59.36395833333333,75.12916666666666,59.37104166666666,55.67250000000001,60.72145833333334,69.35291666666667,60.48229166666667,58.90520833333333,54.83291666666667,61.24645833333333,70.49541666666666,54.59125,60.14208333333334,73.56791666666668
22.0,2023,2220.0,62.129583333333336,59.97145833333334,55.054375,62.285,70.0575,68.64874999999999,62.244375,62.88479166666667,62.709375,58.83416666666667,65.94583333333334,59.607499999999995,60.391875,73.71479166666667,58.08770833333333,60.55083333333334,73.561875,64.611875,58.77458333333333,60.72895833333333,63.4675,80.31520833333333,63.96083333333333,60.779374999999995,66.766875,69.21916666666667,61.04770833333333,67.514375,59.17104166666667,63.456250000000004,78.70875,57.5225,62.755625,80.88041666666666,63.359375,57.11625,59.39145833333333,62.72479166666667,79.45937500000001,64.13020833333333,59.024791666666665,65.99395833333334,68.21708333333333,60.45208333333333,65.538125,57.76625000000001,62.03270833333334,79.06291666666667,55.90687500000001,61.083333333333336,80.325625,65.86645833333334,60.43145833333333,62.066875,64.21083333333333,81.1725,63.79083333333333,62.531666666666666,67.54,70.22104166666666,61.64416666666667,69.49104166666667,60.57666666666666,64.87791666666666,78.355625,59.13833333333333,64.42770833333334,81.43583333333333
24.0,2018,2420.0,65.85895833333333,65.22041666666667,66.92791666666666,61.666666666666664,68.69541666666667,64.2225,66.95979166666667,64.92125,66.62645833333333,64.29625,67.30604166666667,60.883500000000005,65.24600000000001,69.1115,62.949,66.52775,67.85075,63.66375,57.923750000000005,66.98229166666667,60.87625,65.46875,59.238958333333336,62.181041666666665,60.104375000000005,69.36395833333333,61.460625,66.1025,64.339,63.76925,64.9505,63.21575,64.366,66.286,,,,,,,,,,,,,,,,,,,,,,,,,,,,,,,,,,
24.0,2019,2420.0,65.19770833333334,66.29354166666667,64.205625,67.45979166666667,64.22958333333334,60.49583333333334,67.49520833333334,62.95541666666667,65.73125,64.50791666666667,65.28041666666667,66.88541666666667,64.94791666666667,65.69812499999999,63.467083333333335,65.613125,65.30312500000001,65.19354166666666,60.58416666666667,71.21145833333334,61.367916666666666,67.49770833333334,59.60208333333333,56.73333333333333,63.52229166666667,70.53875000000001,64.41979166666667,66.83145833333333,65.966875,65.87604166666667,67.42416666666666,64.37666666666667,66.686875,67.14458333333333,,,,,,,,,,,,,,,,,,,,,,,,,,,,,,,,,,
24.0,2020,2420.0,61.270833333333336,61.009791666666665,64.721875,59.66291666666667,62.323125,53.45291666666666,64.75979166666666,59.44208333333333,63.30645833333333,62.560624999999995,60.89125000000001,51.920625,62.624583333333334,63.21979166666667,61.73041666666666,60.506458333333335,62.69958333333333,64.85791666666667,63.774791666666665,73.25270833333333,66.34958333333334,66.041875,55.70520833333333,55.674375,61.51145833333334,71.17458333333333,65.918125,65.44729166666666,63.83583333333333,65.49020833333334,67.69666666666667,64.15479166666667,64.94979166666667,70.47833333333334,61.66357142857142,65.8475,67.35678571428572,64.47571428571429,61.92214285714285,63.074285714285715,48.11821428571428,59.9225,69.35928571428572,61.34214285714285,63.833214285714284,60.77321428571429,63.1325,62.24714285714286,61.67928571428571,60.33428571428571,69.80785714285715,64.14821428571429,69.91714285714286,70.38392857142857,65.29821428571428,64.23857142857143,67.23285714285714,52.23642857142857,61.96357142857143,71.87357142857142,63.565714285714286,66.42321428571428,62.887142857142855,65.22642857142857,65.74,63.59928571428571,62.669642857142854,72.925
24.0,2021,2420.0,59.973125,56.367916666666666,53.26229166666667,58.43208333333333,63.73354166666667,50.322291666666665,58.90979166666667,58.049791666666664,62.494375,58.92541666666667,62.71395833333333,53.99208333333333,60.518125,64.10916666666667,60.968333333333334,58.19520833333333,65.35104166666666,63.13645833333334,64.59791666666666,67.77291666666666,64.40875,63.41625,67.91291666666667,52.15375,60.765208333333334,72.99895833333333,64.78479166666666,62.83375,61.416666666666664,63.13625,67.97333333333333,62.99645833333333,61.26645833333333,71.05187500000001,60.90479166666666,62.267083333333325,66.0625,61.16375,61.33145833333333,66.72729166666666,50.64895833333333,58.1575,71.23458333333333,62.95229166666667,60.31333333333333,58.16625,61.266041666666666,65.58333333333333,60.783125000000005,58.82,69.08479166666667,65.36708333333333,66.92875,69.48270833333333,67.65375,65.50083333333333,69.09895833333333,53.65833333333333,63.37229166666666,74.76479166666667,66.61583333333333,65.354375,64.66708333333334,65.00708333333334,70.36333333333333,65.20937500000001,63.7125,73.01958333333333
24.0,2022,2420.0,58.234791666666666,57.937083333333334,59.363125,57.15687500000001,59.040416666666665,59.79958333333334,58.986041666666665,59.661875,55.91020833333334,57.65854166666667,58.24791666666667,56.41833333333333,58.134375,58.99895833333333,58.88729166666667,57.93833333333333,59.15833333333333,60.329791666666665,58.6275,58.42958333333333,59.07145833333333,63.096666666666664,56.18354166666666,55.16645833333333,58.776041666666664,67.43770833333333,59.14166666666667,62.262708333333336,59.21812499999999,59.921875,64.099375,58.88729166666667,59.43416666666667,63.968333333333334,58.03270833333334,56.949999999999996,56.713750000000005,56.473958333333336,60.55895833333333,52.47541666666667,52.824375,56.56520833333334,65.01479166666667,56.806666666666665,60.08020833333333,56.97833333333333,57.782916666666665,61.66229166666667,56.861041666666665,57.14000000000001,61.11541666666667,62.626666666666665,60.305416666666666,60.1475,61.669375,65.63250000000001,59.891041666666666,57.50833333333333,60.984375,69.860625,61.47708333333333,64.444375,61.45645833333333,62.06041666666667,66.53833333333334,60.91395833333333,61.7275,66.82020833333333
24.0,2023,2420.0,60.88854166666667,65.15729166666667,60.02854166666666,58.287708333333335,60.889375,58.47270833333334,63.745625,61.011875,58.482708333333335,61.50333333333333,60.24937499999999,59.43333333333334,60.638958333333335,62.03354166666667,59.64833333333333,61.395,61.509166666666665,63.10604166666667,61.00895833333333,67.00708333333334,63.97,64.49979166666667,52.60666666666666,59.36958333333333,61.85,68.87979166666666,62.31166666666667,64.45333333333333,60.01333333333333,63.76208333333333,65.22708333333334,61.654583333333335,62.34833333333333,66.80333333333333,61.52166666666667,59.97333333333333,65.888125,63.53958333333333,61.93812500000001,50.053125,58.15291666666667,60.26833333333334,66.98104166666667,60.814375000000005,62.435624999999995,59.729166666666664,61.50270833333334,64.16562499999999,60.977916666666665,60.17270833333333,64.92708333333333,64.69166666666666,62.04541666666666,68.1275,64.39979166666667,67.060625,55.16,60.58583333333333,63.43145833333333,70.77916666666667,63.80791666666667,66.47125,60.296875,66.02125,66.288125,62.330625,64.52374999999999,68.67895833333334
25.0,2018,2530.0,58.724444444444444,58.305972222222216,63.47611111111111,56.751805555555556,62.35972222222222,59.13986111111111,56.102222222222224,60.54986111111111,61.71763888888889,58.23861111111111,60.21236111111111,56.491166666666665,58.160833333333336,64.24416666666667,56.2105,59.224000000000004,64.64083333333333,59.46777777777778,49.86388888888889,64.61458333333333,61.9436111111111,61.763194444444444,58.2561111111111,57.680416666666666,58.3736111111111,63.15138888888888,60.97888888888888,57.68722222222222,59.00383333333333,57.57833333333333,60.229166666666664,59.969166666666666,57.05,61.582499999999996,,,,,,,,,,,,,,,,,,,,,,,,,,,,,,,,,,
25.0,2019,2530.0,59.47680555555556,56.392916666666665,59.362500000000004,60.6386111111111,61.22625,57.87180555555556,58.630694444444444,60.88180555555555,57.45986111111111,56.874583333333334,63.13680555555556,59.36208333333333,58.64513888888889,57.96069444444444,57.407777777777774,59.60583333333333,63.51013888888888,62.03208333333334,54.13138888888889,67.40652777777778,63.53347222222222,65.02944444444444,51.751805555555556,58.135416666666664,60.420138888888886,63.80055555555556,61.57777777777778,63.02694444444444,65.23750000000001,60.815416666666664,62.056250000000006,62.24222222222222,61.600277777777784,64.94722222222222,,,,,,,,,,,,,,,,,,,,,,,,,,,,,,,,,,
25.0,2020,2530.0,58.57041666666666,49.59652777777777,70.02277777777778,56.84444444444445,59.25930555555556,57.641666666666666,66.80347222222223,59.43,57.944583333333334,57.05791666666667,60.65111111111111,56.840694444444445,58.72402777777778,57.142083333333325,60.007222222222225,56.82875,60.21680555555555,67.27000000000001,56.12513888888889,72.97430555555555,70.61291666666666,66.41555555555556,71.73763888888888,66.17972222222221,67.8776388888889,66.56333333333333,64.17791666666668,69.13527777777777,68.8698611111111,66.09555555555556,66.47263888888888,65.04736111111112,66.89125,68.47513888888889,65.94857142857143,55.41690476190477,69.27214285714285,70.63285714285715,67.41047619047619,75.56380952380952,60.31595238095238,65.91809523809523,66.36666666666667,61.671428571428564,71.30333333333334,65.02285714285715,64.76666666666667,67.58690476190476,60.80714285714286,65.67547619047619,72.60166666666666,70.01809523809524,59.83190476190477,73.49595238095237,74.42142857142856,71.0104761904762,77.47095238095238,65.2895238095238,68.20166666666667,70.31285714285714,64.8602380952381,75.39690476190476,72.00547619047619,68.4857142857143,69.36428571428571,65.35452380952381,69.28333333333333,74.85714285714286
25.0,2021,2530.0,56.22347222222223,49.586666666666666,64.06458333333333,53.17111111111112,59.10041666666666,54.42666666666666,61.49875,54.02236111111111,56.687083333333334,56.65625,55.17638888888889,57.364305555555546,55.229305555555555,56.97263888888889,57.934583333333336,55.41291666666667,58.58430555555555,63.943194444444444,60.0326388888889,68.63944444444445,64.50180555555556,66.77736111111112,61.223749999999995,55.96138888888889,63.57277777777777,69.93152777777777,64.48763888888888,63.69986111111112,65.14791666666666,63.571527777777774,68.66805555555555,61.62597222222222,63.205416666666665,71.16277777777778,61.306805555555556,57.66291666666666,67.32152777777777,61.31944444444444,64.94430555555556,59.68444444444444,53.50083333333333,60.57097222222222,67.62763888888888,62.021388888888886,61.07125,62.27111111111112,60.99694444444444,67.96305555555556,59.281666666666666,60.50055555555556,69.42041666666667,66.57902777777778,62.403333333333336,69.95638888888888,67.68291666666667,68.61083333333335,62.76180555555556,58.42236111111111,66.57444444444444,72.23416666666667,66.95486111111111,66.32833333333333,68.02319444444444,66.1475,69.37319444444444,63.97097222222222,65.90861111111111,72.90513888888889
25.0,2022,2530.0,60.20013888888889,62.4375,59.30277777777778,60.135555555555555,60.881666666666675,57.118750000000006,61.40611111111111,60.87527777777778,56.14416666666667,60.10055555555555,61.036944444444444,59.82402777777778,60.34763888888889,63.181805555555556,61.21819444444444,57.86625,68.36569444444444,57.844166666666666,52.35055555555555,58.99222222222222,57.535000000000004,63.6888888888889,57.08097222222222,53.844166666666666,63.40708333333334,60.382083333333334,58.58958333333333,55.854305555555555,56.54666666666667,57.198750000000004,64.17222222222222,57.80416666666666,55.00875,68.93791666666667,57.33680555555556,52.234027777777776,58.92319444444445,57.58597222222222,61.841388888888886,55.164027777777775,53.44875,62.91736111111111,59.971666666666664,58.24444444444445,54.91291666666667,56.02458333333333,56.71111111111111,63.16319444444444,57.00388888888889,55.195,66.29527777777778,58.350972222222225,52.468333333333334,59.06180555555555,57.48402777777778,65.53611111111111,58.9986111111111,54.23916666666666,63.89680555555555,60.79402777777778,58.93402777777778,56.794444444444444,57.068749999999994,57.687083333333334,65.18125,58.603611111111114,54.82194444444444,71.58041666666666
25.0,2023,2530.0,60.412222222222226,62.064166666666665,64.97666666666666,59.52013888888889,63.880833333333335,62.95597222222222,62.09833333333333,60.67111111111111,56.60847222222222,60.545277777777784,61.37027777777777,58.53861111111111,61.695,66.12666666666667,59.37027777777777,60.40083333333333,66.81069444444444,61.674166666666665,58.70236111111111,71.0988888888889,61.782777777777774,63.896388888888886,59.861666666666665,59.59263888888889,62.98916666666667,63.5013888888889,61.283611111111114,63.61666666666666,60.131527777777784,61.603333333333325,67.74972222222223,61.68305555555556,59.942499999999995,66.35652777777779,60.01972222222222,56.7025,68.91069444444445,60.51111111111111,61.231944444444444,57.562916666666666,57.981944444444444,60.47263888888889,62.29055555555556,59.24513888888888,62.41916666666667,58.548472222222216,59.64652777777778,66.89541666666668,60.14097222222222,58.50083333333334,63.46611111111112,63.32805555555555,60.70236111111111,73.28736111111111,63.05375,66.56041666666667,62.16083333333333,61.20333333333334,65.50555555555555,64.71208333333334,63.32125,64.81583333333333,61.71361111111111,63.55972222222223,68.60375,63.22555555555555,61.38430555555556,69.24763888888889
